=================================================
EXP-018c first verification run under unified extern "C" contract
job_id        : 7366090
node          : d4054
started       : Mon Jun  1 18:40:08 EDT 2026
max_steps     : 25
G             : 2
beta          : 0
reward        : v3-symbol-shaped
task filter   : ops6k
SFT init ckpt : '' (empty = cold start)
eval backend  : local
output        : /scratch/xie.yiyi/kernelforge/checkpoints/stage1_exp018c
=================================================
=== Stage 1: Multi-Turn GRPO Warm-up for A100 (sm_80) ===
  Max turns per episode: 3
  Max training steps: 25
  Max completion length: 2048
KERNELFORGE_SKIP_UNSLOTH=1 → bypassing Unsloth, loading via Transformers + PEFT.
Falling back to Transformers + PEFT primary model loader
Primary model loaded via Transformers + PEFT from Qwen/Qwen3-Coder-30B-A3B-Instruct: 843,841,536 trainable / 31,375,964,160 total params (2.69%)
Loaded 20 unified Stage 1 prompts; after KERNELFORGE_STAGE1_BACKEND_FILTER='ops6k': 16
[ROLLOUT_FACTORY] make_multi_turn_rollout built rollout_func (max_turns=3, prompts_known=16)
Stage 1: no existing checkpoint in /scratch/xie.yiyi/kernelforge/checkpoints/stage1_exp018c; starting fresh.
Starting Stage 1 training...
[REWARD_FROM_ENV] computing 4 rewards inline (env_reward len=0); kwargs keys=['compile_flags', 'completion_ids', 'data_source', 'difficulty', 'evaluation_backend', 'expert_code', 'extern_c_signature', 'graph_properties', 'kernel_id', 'ops', 'prompts', 'support_reason', 'supports_evaluation', 'task_code', 'topology', 'trainer_state']
[COMPUTE_REWARD] compiled=False correct=False symbol_loaded=True sv_eager=0.0 sv_compile=0.0 version=v3-symbol-shaped
[COMPUTE_REWARD] compiled=False correct=False symbol_loaded=True sv_eager=0.0 sv_compile=0.0 version=v3-symbol-shaped
[ROLLOUT_INLINE i=0 reward=-1.00 code_len=2917 compiles=False correct=False err='Source rejected: forbidden source pattern: '#\\s*include\\s*[<"]torch/' matched '#include <torch/'']
[VERIFIER_INLINE i=0 compiles=False correct=False sv_eager=0.0 sv_compile=0.0 verifier_msg='Source rejected: forbidden source pattern: '#\\s*include\\s*[<"]torch/' matched '#include <torch/'' error='Source rejected: forbidden source pattern: '#\\s*include\\s*[<"]torch/' matched '#include <torch/'']
[SYMPROBE_INLINE i=0 compiles=False has_extern_c=False has_wcc_kernel_decl=False has_global_wcc=False in_namespace=False is_static_or_inline=False code_tail_truncated=True]
[COMPUTE_REWARD] compiled=False correct=False symbol_loaded=True sv_eager=0.0 sv_compile=0.0 version=v3-symbol-shaped
[COMPUTE_REWARD] compiled=False correct=False symbol_loaded=True sv_eager=0.0 sv_compile=0.0 version=v3-symbol-shaped
[ROLLOUT_INLINE i=1 reward=-1.00 code_len=5947 compiles=False correct=False err='Source rejected: forbidden source pattern: '#\\s*include\\s*[<"]torch/' matched '#include <torch/'']
[VERIFIER_INLINE i=1 compiles=False correct=False sv_eager=0.0 sv_compile=0.0 verifier_msg='Source rejected: forbidden source pattern: '#\\s*include\\s*[<"]torch/' matched '#include <torch/'' error='Source rejected: forbidden source pattern: '#\\s*include\\s*[<"]torch/' matched '#include <torch/'']
[SYMPROBE_INLINE i=1 compiles=False has_extern_c=False has_wcc_kernel_decl=False has_global_wcc=False in_namespace=False is_static_or_inline=False code_tail_truncated=False]
[COMPUTE_REWARD] compiled=False correct=False symbol_loaded=True sv_eager=0.0 sv_compile=0.0 version=v3-symbol-shaped
[COMPUTE_REWARD] compiled=False correct=False symbol_loaded=True sv_eager=0.0 sv_compile=0.0 version=v3-symbol-shaped
[ROLLOUT_INLINE i=2 reward=-1.00 code_len=2531 compiles=False correct=False err='Source rejected: forbidden source pattern: '#\\s*include\\s*[<"]torch/' matched '#include <torch/'']
[VERIFIER_INLINE i=2 compiles=False correct=False sv_eager=0.0 sv_compile=0.0 verifier_msg='Source rejected: forbidden source pattern: '#\\s*include\\s*[<"]torch/' matched '#include <torch/'' error='Source rejected: forbidden source pattern: '#\\s*include\\s*[<"]torch/' matched '#include <torch/'']
[SYMPROBE_INLINE i=2 compiles=False has_extern_c=False has_wcc_kernel_decl=False has_global_wcc=False in_namespace=False is_static_or_inline=False code_tail_truncated=False]
[COMPUTE_REWARD] compiled=False correct=False symbol_loaded=True sv_eager=0.0 sv_compile=0.0 version=v3-symbol-shaped
[COMPUTE_REWARD] compiled=False correct=False symbol_loaded=True sv_eager=0.0 sv_compile=0.0 version=v3-symbol-shaped
[ROLLOUT_INLINE i=3 reward=-1.00 code_len=946 compiles=False correct=False err='Source rejected: forbidden source pattern: '#\\s*include\\s*[<"]torch/' matched '#include <torch/'']
[VERIFIER_INLINE i=3 compiles=False correct=False sv_eager=0.0 sv_compile=0.0 verifier_msg='Source rejected: forbidden source pattern: '#\\s*include\\s*[<"]torch/' matched '#include <torch/'' error='Source rejected: forbidden source pattern: '#\\s*include\\s*[<"]torch/' matched '#include <torch/'']
[SYMPROBE_INLINE i=3 compiles=False has_extern_c=False has_wcc_kernel_decl=False has_global_wcc=False in_namespace=False is_static_or_inline=False code_tail_truncated=False]
{'loss': 0.0, 'grad_norm': 0.0, 'learning_rate': 2e-06, 'num_tokens': 7781.0, 'completions/mean_length': 1604.75, 'completions/min_length': 817.0, 'completions/max_length': 2048.0, 'completions/clipped_ratio': 0.5, 'completions/mean_terminated_length': 1161.5, 'completions/min_terminated_length': 817.0, 'completions/max_terminated_length': 1506.0, 'rewards/reward_from_env/mean': -1.0, 'rewards/reward_from_env/std': 0.0, 'reward': -1.0, 'reward_std': 0.0, 'frac_reward_zero_std': 1.0, 'entropy': 0.3488683346658945, 'clip_ratio/low_mean': 0.0, 'clip_ratio/low_min': 0.0, 'clip_ratio/high_mean': 0.0, 'clip_ratio/high_max': 0.0, 'clip_ratio/region_mean': 0.0, 'step_time': 1130.2703953688033, 'epoch': 0.12}
[REWARD_FROM_ENV] computing 4 rewards inline (env_reward len=0); kwargs keys=['compile_flags', 'completion_ids', 'data_source', 'difficulty', 'evaluation_backend', 'expert_code', 'extern_c_signature', 'graph_properties', 'kernel_id', 'ops', 'prompts', 'support_reason', 'supports_evaluation', 'task_code', 'topology', 'trainer_state']
[COMPUTE_REWARD] compiled=False correct=False symbol_loaded=True sv_eager=0.0 sv_compile=0.0 version=v3-symbol-shaped
[COMPUTE_REWARD] compiled=False correct=False symbol_loaded=True sv_eager=0.0 sv_compile=0.0 version=v3-symbol-shaped
[ROLLOUT_INLINE i=0 reward=-1.00 code_len=2342 compiles=False correct=False err='Source rejected: forbidden source pattern: '#\\s*include\\s*[<"]torch/' matched '#include <torch/'']
[VERIFIER_INLINE i=0 compiles=False correct=False sv_eager=0.0 sv_compile=0.0 verifier_msg='Source rejected: forbidden source pattern: '#\\s*include\\s*[<"]torch/' matched '#include <torch/'' error='Source rejected: forbidden source pattern: '#\\s*include\\s*[<"]torch/' matched '#include <torch/'']
[SYMPROBE_INLINE i=0 compiles=False has_extern_c=False has_wcc_kernel_decl=False has_global_wcc=False in_namespace=False is_static_or_inline=False code_tail_truncated=False]
[COMPUTE_REWARD] compiled=False correct=False symbol_loaded=True sv_eager=0.0 sv_compile=0.0 version=v3-symbol-shaped
[COMPUTE_REWARD] compiled=False correct=False symbol_loaded=True sv_eager=0.0 sv_compile=0.0 version=v3-symbol-shaped
[ROLLOUT_INLINE i=1 reward=-1.00 code_len=5965 compiles=False correct=False err='Source rejected: forbidden source pattern: '#\\s*include\\s*[<"]torch/' matched '#include <torch/'']
[VERIFIER_INLINE i=1 compiles=False correct=False sv_eager=0.0 sv_compile=0.0 verifier_msg='Source rejected: forbidden source pattern: '#\\s*include\\s*[<"]torch/' matched '#include <torch/'' error='Source rejected: forbidden source pattern: '#\\s*include\\s*[<"]torch/' matched '#include <torch/'']
[SYMPROBE_INLINE i=1 compiles=False has_extern_c=False has_wcc_kernel_decl=False has_global_wcc=False in_namespace=False is_static_or_inline=False code_tail_truncated=False]
[COMPUTE_REWARD] compiled=True correct=False symbol_loaded=False sv_eager=0.0 sv_compile=0.0 version=v3-symbol-shaped
[COMPUTE_REWARD] compiled=True correct=False symbol_loaded=False sv_eager=0.0 sv_compile=0.0 version=v3-symbol-shaped
[ROLLOUT_INLINE i=2 reward=-0.50 code_len=257 compiles=True correct=False err='Kernel FFI verification failed: undefined symbol: run_kernel']
[VERIFIER_INLINE i=2 compiles=True correct=False sv_eager=0.0 sv_compile=0.0 verifier_msg='Kernel FFI verification failed: undefined symbol: run_kernel' error='Kernel FFI verification failed: undefined symbol: run_kernel']
[SYMPROBE_INLINE i=2 compiles=True has_extern_c=False has_wcc_kernel_decl=False has_global_wcc=False in_namespace=False is_static_or_inline=False code_tail_truncated=False]
[COMPUTE_REWARD] compiled=False correct=False symbol_loaded=True sv_eager=0.0 sv_compile=0.0 version=v3-symbol-shaped
[ROLLOUT_INLINE i=3 reward=-1.00 code_len=47 compiles=False correct=False err='/tmp/tmpuap4x1gb.cu(1): error: this declaration has no storage class or type specifier   val = fmaxf(0.0f, val);   ^  /tmp/tmpuap4x1gb.cu(2): error: this declaration has no storage class or type speci']
[VERIFIER_INLINE i=3 compiles=False correct=False sv_eager=0.0 sv_compile=0.0 verifier_msg='' error='/tmp/tmpuap4x1gb.cu(1): error: this declaration has no storage class or type specifier   val = fmaxf(0.0f, val);   ^  /tmp/tmpuap4x1gb.cu(2): error: this declaration has no storage class or type speci']
[SYMPROBE_INLINE i=3 compiles=False has_extern_c=False has_wcc_kernel_decl=False has_global_wcc=False in_namespace=False is_static_or_inline=False code_tail_truncated=True]
{'loss': -0.0147, 'grad_norm': 0.0558215007185936, 'learning_rate': 1.92e-06, 'num_tokens': 15487.0, 'completions/mean_length': 1643.5, 'completions/min_length': 1296.0, 'completions/max_length': 1951.0, 'completions/clipped_ratio': 0.0, 'completions/mean_terminated_length': 1643.5, 'completions/min_terminated_length': 1296.0, 'completions/max_terminated_length': 1951.0, 'rewards/reward_from_env/mean': -0.875, 'rewards/reward_from_env/std': 0.25, 'reward': -0.875, 'reward_std': 0.25, 'frac_reward_zero_std': 0.5, 'entropy': 0.35640624538064003, 'clip_ratio/low_mean': 0.0, 'clip_ratio/low_min': 0.0, 'clip_ratio/high_mean': 0.0, 'clip_ratio/high_max': 0.0, 'clip_ratio/region_mean': 0.0, 'step_time': 1040.3259985847399, 'epoch': 0.25}
[REWARD_FROM_ENV] computing 4 rewards inline (env_reward len=0); kwargs keys=['compile_flags', 'completion_ids', 'data_source', 'difficulty', 'evaluation_backend', 'expert_code', 'extern_c_signature', 'graph_properties', 'kernel_id', 'ops', 'prompts', 'support_reason', 'supports_evaluation', 'task_code', 'topology', 'trainer_state']
[COMPUTE_REWARD] compiled=False correct=False symbol_loaded=True sv_eager=0.0 sv_compile=0.0 version=v3-symbol-shaped
[COMPUTE_REWARD] compiled=False correct=False symbol_loaded=True sv_eager=0.0 sv_compile=0.0 version=v3-symbol-shaped
[ROLLOUT_INLINE i=0 reward=-1.00 code_len=3089 compiles=False correct=False err='Source rejected: forbidden source pattern: '#\\s*include\\s*[<"]torch/' matched '#include <torch/'']
[VERIFIER_INLINE i=0 compiles=False correct=False sv_eager=0.0 sv_compile=0.0 verifier_msg='Source rejected: forbidden source pattern: '#\\s*include\\s*[<"]torch/' matched '#include <torch/'' error='Source rejected: forbidden source pattern: '#\\s*include\\s*[<"]torch/' matched '#include <torch/'']
[SYMPROBE_INLINE i=0 compiles=False has_extern_c=False has_wcc_kernel_decl=False has_global_wcc=False in_namespace=False is_static_or_inline=False code_tail_truncated=False]
[COMPUTE_REWARD] compiled=False correct=False symbol_loaded=True sv_eager=0.0 sv_compile=0.0 version=v3-symbol-shaped
[COMPUTE_REWARD] compiled=False correct=False symbol_loaded=True sv_eager=0.0 sv_compile=0.0 version=v3-symbol-shaped
[ROLLOUT_INLINE i=1 reward=-1.00 code_len=2691 compiles=False correct=False err='Source rejected: forbidden source pattern: '#\\s*include\\s*[<"]torch/' matched '#include <torch/'']
[VERIFIER_INLINE i=1 compiles=False correct=False sv_eager=0.0 sv_compile=0.0 verifier_msg='Source rejected: forbidden source pattern: '#\\s*include\\s*[<"]torch/' matched '#include <torch/'' error='Source rejected: forbidden source pattern: '#\\s*include\\s*[<"]torch/' matched '#include <torch/'']
[SYMPROBE_INLINE i=1 compiles=False has_extern_c=False has_wcc_kernel_decl=False has_global_wcc=False in_namespace=False is_static_or_inline=False code_tail_truncated=False]
[COMPUTE_REWARD] compiled=True correct=False symbol_loaded=False sv_eager=0.0 sv_compile=0.0 version=v3-symbol-shaped
[COMPUTE_REWARD] compiled=True correct=False symbol_loaded=False sv_eager=0.0 sv_compile=0.0 version=v3-symbol-shaped
[ROLLOUT_INLINE i=2 reward=-0.50 code_len=222 compiles=True correct=False err='Kernel FFI verification failed: undefined symbol: run_kernel']
[VERIFIER_INLINE i=2 compiles=True correct=False sv_eager=0.0 sv_compile=0.0 verifier_msg='Kernel FFI verification failed: undefined symbol: run_kernel' error='Kernel FFI verification failed: undefined symbol: run_kernel']
[SYMPROBE_INLINE i=2 compiles=True has_extern_c=True has_wcc_kernel_decl=False has_global_wcc=False in_namespace=False is_static_or_inline=False code_tail_truncated=False]
[COMPUTE_REWARD] compiled=True correct=False symbol_loaded=False sv_eager=0.0 sv_compile=0.0 version=v3-symbol-shaped
[COMPUTE_REWARD] compiled=True correct=False symbol_loaded=False sv_eager=0.0 sv_compile=0.0 version=v3-symbol-shaped
[ROLLOUT_INLINE i=3 reward=-0.50 code_len=731 compiles=True correct=False err='Kernel FFI verification failed: undefined symbol: run_kernel']
[VERIFIER_INLINE i=3 compiles=True correct=False sv_eager=0.0 sv_compile=0.0 verifier_msg='Kernel FFI verification failed: undefined symbol: run_kernel' error='Kernel FFI verification failed: undefined symbol: run_kernel']
[SYMPROBE_INLINE i=3 compiles=True has_extern_c=False has_wcc_kernel_decl=False has_global_wcc=False in_namespace=False is_static_or_inline=False code_tail_truncated=False]
{'loss': 0.0, 'grad_norm': 0.0, 'learning_rate': 1.84e-06, 'num_tokens': 22685.0, 'completions/mean_length': 1647.0, 'completions/min_length': 878.0, 'completions/max_length': 2048.0, 'completions/clipped_ratio': 0.5, 'completions/mean_terminated_length': 1246.0, 'completions/min_terminated_length': 878.0, 'completions/max_terminated_length': 1614.0, 'rewards/reward_from_env/mean': -0.75, 'rewards/reward_from_env/std': 0.28867512941360474, 'reward': -0.75, 'reward_std': 0.28867512941360474, 'frac_reward_zero_std': 1.0, 'entropy': 0.30097439512610435, 'clip_ratio/low_mean': 0.0, 'clip_ratio/low_min': 0.0, 'clip_ratio/high_mean': 0.0, 'clip_ratio/high_max': 0.0, 'clip_ratio/region_mean': 0.0, 'step_time': 1148.8192829745822, 'epoch': 0.38}
[REWARD_FROM_ENV] computing 4 rewards inline (env_reward len=0); kwargs keys=['compile_flags', 'completion_ids', 'data_source', 'difficulty', 'evaluation_backend', 'expert_code', 'extern_c_signature', 'graph_properties', 'kernel_id', 'ops', 'prompts', 'support_reason', 'supports_evaluation', 'task_code', 'topology', 'trainer_state']
[COMPUTE_REWARD] compiled=False correct=False symbol_loaded=True sv_eager=0.0 sv_compile=0.0 version=v3-symbol-shaped
[COMPUTE_REWARD] compiled=False correct=False symbol_loaded=True sv_eager=0.0 sv_compile=0.0 version=v3-symbol-shaped
[ROLLOUT_INLINE i=0 reward=-1.00 code_len=7766 compiles=False correct=False err='Source rejected: forbidden source pattern: '#\\s*include\\s*[<"]torch/' matched '#include <torch/'']
[VERIFIER_INLINE i=0 compiles=False correct=False sv_eager=0.0 sv_compile=0.0 verifier_msg='Source rejected: forbidden source pattern: '#\\s*include\\s*[<"]torch/' matched '#include <torch/'' error='Source rejected: forbidden source pattern: '#\\s*include\\s*[<"]torch/' matched '#include <torch/'']
[SYMPROBE_INLINE i=0 compiles=False has_extern_c=False has_wcc_kernel_decl=False has_global_wcc=False in_namespace=False is_static_or_inline=False code_tail_truncated=True]
[COMPUTE_REWARD] compiled=False correct=False symbol_loaded=True sv_eager=0.0 sv_compile=0.0 version=v3-symbol-shaped
[COMPUTE_REWARD] compiled=False correct=False symbol_loaded=True sv_eager=0.0 sv_compile=0.0 version=v3-symbol-shaped
[ROLLOUT_INLINE i=1 reward=-1.00 code_len=5096 compiles=False correct=False err='Source rejected: forbidden source pattern: '#\\s*include\\s*[<"]torch/' matched '#include <torch/'']
[VERIFIER_INLINE i=1 compiles=False correct=False sv_eager=0.0 sv_compile=0.0 verifier_msg='Source rejected: forbidden source pattern: '#\\s*include\\s*[<"]torch/' matched '#include <torch/'' error='Source rejected: forbidden source pattern: '#\\s*include\\s*[<"]torch/' matched '#include <torch/'']
[SYMPROBE_INLINE i=1 compiles=False has_extern_c=False has_wcc_kernel_decl=False has_global_wcc=False in_namespace=False is_static_or_inline=False code_tail_truncated=False]
[COMPUTE_REWARD] compiled=False correct=False symbol_loaded=True sv_eager=0.0 sv_compile=0.0 version=v3-symbol-shaped
[COMPUTE_REWARD] compiled=False correct=False symbol_loaded=True sv_eager=0.0 sv_compile=0.0 version=v3-symbol-shaped
[ROLLOUT_INLINE i=2 reward=-1.00 code_len=2380 compiles=False correct=False err='Source rejected: forbidden source pattern: '#\\s*include\\s*[<"]torch/' matched '#include <torch/'']
[VERIFIER_INLINE i=2 compiles=False correct=False sv_eager=0.0 sv_compile=0.0 verifier_msg='Source rejected: forbidden source pattern: '#\\s*include\\s*[<"]torch/' matched '#include <torch/'' error='Source rejected: forbidden source pattern: '#\\s*include\\s*[<"]torch/' matched '#include <torch/'']
[SYMPROBE_INLINE i=2 compiles=False has_extern_c=False has_wcc_kernel_decl=False has_global_wcc=False in_namespace=False is_static_or_inline=False code_tail_truncated=False]
[COMPUTE_REWARD] compiled=True correct=False symbol_loaded=False sv_eager=0.0 sv_compile=0.0 version=v3-symbol-shaped
[COMPUTE_REWARD] compiled=True correct=False symbol_loaded=False sv_eager=0.0 sv_compile=0.0 version=v3-symbol-shaped
[ROLLOUT_INLINE i=3 reward=-0.50 code_len=217 compiles=True correct=False err='Kernel FFI verification failed: undefined symbol: run_kernel']
[VERIFIER_INLINE i=3 compiles=True correct=False sv_eager=0.0 sv_compile=0.0 verifier_msg='Kernel FFI verification failed: undefined symbol: run_kernel' error='Kernel FFI verification failed: undefined symbol: run_kernel']
[SYMPROBE_INLINE i=3 compiles=True has_extern_c=True has_wcc_kernel_decl=False has_global_wcc=False in_namespace=False is_static_or_inline=False code_tail_truncated=False]
{'loss': 0.0002, 'grad_norm': 0.03976358845829964, 'learning_rate': 1.7599999999999999e-06, 'num_tokens': 31627.0, 'completions/mean_length': 1896.5, 'completions/min_length': 1744.0, 'completions/max_length': 2048.0, 'completions/clipped_ratio': 0.5, 'completions/mean_terminated_length': 1745.0, 'completions/min_terminated_length': 1744.0, 'completions/max_terminated_length': 1746.0, 'rewards/reward_from_env/mean': -0.875, 'rewards/reward_from_env/std': 0.25, 'reward': -0.875, 'reward_std': 0.25, 'frac_reward_zero_std': 0.5, 'entropy': 0.2866021953523159, 'clip_ratio/low_mean': 0.0, 'clip_ratio/low_min': 0.0, 'clip_ratio/high_mean': 0.0, 'clip_ratio/high_max': 0.0, 'clip_ratio/region_mean': 0.0, 'step_time': 1072.6487882239744, 'epoch': 0.5}
[REWARD_FROM_ENV] computing 4 rewards inline (env_reward len=0); kwargs keys=['compile_flags', 'completion_ids', 'data_source', 'difficulty', 'evaluation_backend', 'expert_code', 'extern_c_signature', 'graph_properties', 'kernel_id', 'ops', 'prompts', 'support_reason', 'supports_evaluation', 'task_code', 'topology', 'trainer_state']
[COMPUTE_REWARD] compiled=False correct=False symbol_loaded=True sv_eager=0.0 sv_compile=0.0 version=v3-symbol-shaped
[ROLLOUT_INLINE i=0 reward=-1.00 code_len=67 compiles=False correct=False err='/tmp/tmplcx4aebz.cu(1): error: this declaration has no storage class or type specifier   torch::Tensor result = run_kernel(inputs[0], inputs[1], inputs[2]);   ^  /tmp/tmplcx4aebz.cu(1): error: expecte']
[VERIFIER_INLINE i=0 compiles=False correct=False sv_eager=0.0 sv_compile=0.0 verifier_msg='' error='/tmp/tmplcx4aebz.cu(1): error: this declaration has no storage class or type specifier   torch::Tensor result = run_kernel(inputs[0], inputs[1], inputs[2]);   ^  /tmp/tmplcx4aebz.cu(1): error: expecte']
[SYMPROBE_INLINE i=0 compiles=False has_extern_c=False has_wcc_kernel_decl=False has_global_wcc=False in_namespace=False is_static_or_inline=False code_tail_truncated=True]
[COMPUTE_REWARD] compiled=False correct=False symbol_loaded=True sv_eager=0.0 sv_compile=0.0 version=v3-symbol-shaped
[COMPUTE_REWARD] compiled=False correct=False symbol_loaded=True sv_eager=0.0 sv_compile=0.0 version=v3-symbol-shaped
[ROLLOUT_INLINE i=1 reward=-1.00 code_len=2711 compiles=False correct=False err='Source rejected: forbidden source pattern: '#\\s*include\\s*[<"]torch/' matched '#include <torch/'']
[VERIFIER_INLINE i=1 compiles=False correct=False sv_eager=0.0 sv_compile=0.0 verifier_msg='Source rejected: forbidden source pattern: '#\\s*include\\s*[<"]torch/' matched '#include <torch/'' error='Source rejected: forbidden source pattern: '#\\s*include\\s*[<"]torch/' matched '#include <torch/'']
[SYMPROBE_INLINE i=1 compiles=False has_extern_c=False has_wcc_kernel_decl=False has_global_wcc=False in_namespace=False is_static_or_inline=False code_tail_truncated=False]
[COMPUTE_REWARD] compiled=False correct=False symbol_loaded=True sv_eager=0.0 sv_compile=0.0 version=v3-symbol-shaped
[COMPUTE_REWARD] compiled=False correct=False symbol_loaded=True sv_eager=0.0 sv_compile=0.0 version=v3-symbol-shaped
[ROLLOUT_INLINE i=2 reward=-1.00 code_len=3047 compiles=False correct=False err='Source rejected: forbidden source pattern: '#\\s*include\\s*[<"]torch/' matched '#include <torch/'']
[VERIFIER_INLINE i=2 compiles=False correct=False sv_eager=0.0 sv_compile=0.0 verifier_msg='Source rejected: forbidden source pattern: '#\\s*include\\s*[<"]torch/' matched '#include <torch/'' error='Source rejected: forbidden source pattern: '#\\s*include\\s*[<"]torch/' matched '#include <torch/'']
[SYMPROBE_INLINE i=2 compiles=False has_extern_c=False has_wcc_kernel_decl=False has_global_wcc=False in_namespace=False is_static_or_inline=False code_tail_truncated=False]
[COMPUTE_REWARD] compiled=False correct=False symbol_loaded=True sv_eager=0.0 sv_compile=0.0 version=v3-symbol-shaped
[COMPUTE_REWARD] compiled=False correct=False symbol_loaded=True sv_eager=0.0 sv_compile=0.0 version=v3-symbol-shaped
[ROLLOUT_INLINE i=3 reward=-1.00 code_len=2065 compiles=False correct=False err='Source rejected: forbidden source pattern: '#\\s*include\\s*[<"]torch/' matched '#include <torch/'']
[VERIFIER_INLINE i=3 compiles=False correct=False sv_eager=0.0 sv_compile=0.0 verifier_msg='Source rejected: forbidden source pattern: '#\\s*include\\s*[<"]torch/' matched '#include <torch/'' error='Source rejected: forbidden source pattern: '#\\s*include\\s*[<"]torch/' matched '#include <torch/'']
[SYMPROBE_INLINE i=3 compiles=False has_extern_c=False has_wcc_kernel_decl=False has_global_wcc=False in_namespace=False is_static_or_inline=False code_tail_truncated=False]
{'loss': 0.0, 'grad_norm': 0.0, 'learning_rate': 1.6799999999999998e-06, 'num_tokens': 39349.0, 'completions/mean_length': 1640.0, 'completions/min_length': 580.0, 'completions/max_length': 2048.0, 'completions/clipped_ratio': 0.5, 'completions/mean_terminated_length': 1232.0, 'completions/min_terminated_length': 580.0, 'completions/max_terminated_length': 1884.0, 'rewards/reward_from_env/mean': -1.0, 'rewards/reward_from_env/std': 0.0, 'reward': -1.0, 'reward_std': 0.0, 'frac_reward_zero_std': 1.0, 'entropy': 0.20951955020427704, 'clip_ratio/low_mean': 0.0, 'clip_ratio/low_min': 0.0, 'clip_ratio/high_mean': 0.0, 'clip_ratio/high_max': 0.0, 'clip_ratio/region_mean': 0.0, 'step_time': 1137.795498965308, 'epoch': 0.62}
[REWARD_FROM_ENV] computing 4 rewards inline (env_reward len=0); kwargs keys=['compile_flags', 'completion_ids', 'data_source', 'difficulty', 'evaluation_backend', 'expert_code', 'extern_c_signature', 'graph_properties', 'kernel_id', 'ops', 'prompts', 'support_reason', 'supports_evaluation', 'task_code', 'topology', 'trainer_state']
[COMPUTE_REWARD] compiled=False correct=False symbol_loaded=True sv_eager=0.0 sv_compile=0.0 version=v3-symbol-shaped
[COMPUTE_REWARD] compiled=False correct=False symbol_loaded=True sv_eager=0.0 sv_compile=0.0 version=v3-symbol-shaped
[ROLLOUT_INLINE i=0 reward=-1.00 code_len=3613 compiles=False correct=False err='Source rejected: forbidden source pattern: '#\\s*include\\s*[<"]torch/' matched '#include <torch/'']
[VERIFIER_INLINE i=0 compiles=False correct=False sv_eager=0.0 sv_compile=0.0 verifier_msg='Source rejected: forbidden source pattern: '#\\s*include\\s*[<"]torch/' matched '#include <torch/'' error='Source rejected: forbidden source pattern: '#\\s*include\\s*[<"]torch/' matched '#include <torch/'']
[SYMPROBE_INLINE i=0 compiles=False has_extern_c=False has_wcc_kernel_decl=False has_global_wcc=False in_namespace=False is_static_or_inline=False code_tail_truncated=False]
[COMPUTE_REWARD] compiled=False correct=False symbol_loaded=True sv_eager=0.0 sv_compile=0.0 version=v3-symbol-shaped
[COMPUTE_REWARD] compiled=False correct=False symbol_loaded=True sv_eager=0.0 sv_compile=0.0 version=v3-symbol-shaped
[ROLLOUT_INLINE i=1 reward=-1.00 code_len=3839 compiles=False correct=False err='Source rejected: forbidden source pattern: '#\\s*include\\s*[<"]torch/' matched '#include <torch/'']
[VERIFIER_INLINE i=1 compiles=False correct=False sv_eager=0.0 sv_compile=0.0 verifier_msg='Source rejected: forbidden source pattern: '#\\s*include\\s*[<"]torch/' matched '#include <torch/'' error='Source rejected: forbidden source pattern: '#\\s*include\\s*[<"]torch/' matched '#include <torch/'']
[SYMPROBE_INLINE i=1 compiles=False has_extern_c=False has_wcc_kernel_decl=False has_global_wcc=False in_namespace=False is_static_or_inline=False code_tail_truncated=False]
[COMPUTE_REWARD] compiled=False correct=False symbol_loaded=True sv_eager=0.0 sv_compile=0.0 version=v3-symbol-shaped
[COMPUTE_REWARD] compiled=False correct=False symbol_loaded=True sv_eager=0.0 sv_compile=0.0 version=v3-symbol-shaped
[ROLLOUT_INLINE i=2 reward=-1.00 code_len=3118 compiles=False correct=False err='Source rejected: forbidden source pattern: '#\\s*include\\s*[<"]torch/' matched '#include <torch/'']
[VERIFIER_INLINE i=2 compiles=False correct=False sv_eager=0.0 sv_compile=0.0 verifier_msg='Source rejected: forbidden source pattern: '#\\s*include\\s*[<"]torch/' matched '#include <torch/'' error='Source rejected: forbidden source pattern: '#\\s*include\\s*[<"]torch/' matched '#include <torch/'']
[SYMPROBE_INLINE i=2 compiles=False has_extern_c=False has_wcc_kernel_decl=False has_global_wcc=False in_namespace=False is_static_or_inline=False code_tail_truncated=False]
[COMPUTE_REWARD] compiled=False correct=False symbol_loaded=True sv_eager=0.0 sv_compile=0.0 version=v3-symbol-shaped
[COMPUTE_REWARD] compiled=False correct=False symbol_loaded=True sv_eager=0.0 sv_compile=0.0 version=v3-symbol-shaped
[ROLLOUT_INLINE i=3 reward=-1.00 code_len=3021 compiles=False correct=False err='Source rejected: forbidden source pattern: '#\\s*include\\s*[<"]torch/' matched '#include <torch/'']
[VERIFIER_INLINE i=3 compiles=False correct=False sv_eager=0.0 sv_compile=0.0 verifier_msg='Source rejected: forbidden source pattern: '#\\s*include\\s*[<"]torch/' matched '#include <torch/'' error='Source rejected: forbidden source pattern: '#\\s*include\\s*[<"]torch/' matched '#include <torch/'']
[SYMPROBE_INLINE i=3 compiles=False has_extern_c=False has_wcc_kernel_decl=False has_global_wcc=False in_namespace=False is_static_or_inline=False code_tail_truncated=False]
{'loss': 0.0, 'grad_norm': 0.0, 'learning_rate': 1.6e-06, 'num_tokens': 48557.0, 'completions/mean_length': 1968.0, 'completions/min_length': 1776.0, 'completions/max_length': 2048.0, 'completions/clipped_ratio': 0.5, 'completions/mean_terminated_length': 1888.0, 'completions/min_terminated_length': 1776.0, 'completions/max_terminated_length': 2000.0, 'rewards/reward_from_env/mean': -1.0, 'rewards/reward_from_env/std': 0.0, 'reward': -1.0, 'reward_std': 0.0, 'frac_reward_zero_std': 1.0, 'entropy': 0.15983114391565323, 'clip_ratio/low_mean': 0.0, 'clip_ratio/low_min': 0.0, 'clip_ratio/high_mean': 0.0, 'clip_ratio/high_max': 0.0, 'clip_ratio/region_mean': 0.0, 'step_time': 1099.7871672487818, 'epoch': 0.75}
[REWARD_FROM_ENV] computing 4 rewards inline (env_reward len=0); kwargs keys=['compile_flags', 'completion_ids', 'data_source', 'difficulty', 'evaluation_backend', 'expert_code', 'extern_c_signature', 'graph_properties', 'kernel_id', 'ops', 'prompts', 'support_reason', 'supports_evaluation', 'task_code', 'topology', 'trainer_state']
[COMPUTE_REWARD] compiled=False correct=False symbol_loaded=True sv_eager=0.0 sv_compile=0.0 version=v3-symbol-shaped
[ROLLOUT_INLINE i=0 reward=-1.00 code_len=1038 compiles=False correct=False err='/tmp/tmprvui4wh9.cu(3): error: closing brace of template definition not found   __attribute__((global)) void unfold_mse_kernel(                                ^  At end of source: error: expected a "}']
[VERIFIER_INLINE i=0 compiles=False correct=False sv_eager=0.0 sv_compile=0.0 verifier_msg='' error='/tmp/tmprvui4wh9.cu(3): error: closing brace of template definition not found   __attribute__((global)) void unfold_mse_kernel(                                ^  At end of source: error: expected a "}']
[SYMPROBE_INLINE i=0 compiles=False has_extern_c=False has_wcc_kernel_decl=False has_global_wcc=False in_namespace=False is_static_or_inline=False code_tail_truncated=True]
[COMPUTE_REWARD] compiled=False correct=False symbol_loaded=True sv_eager=0.0 sv_compile=0.0 version=v3-symbol-shaped
[COMPUTE_REWARD] compiled=False correct=False symbol_loaded=True sv_eager=0.0 sv_compile=0.0 version=v3-symbol-shaped
[ROLLOUT_INLINE i=1 reward=-1.00 code_len=4807 compiles=False correct=False err='Source rejected: forbidden source pattern: '#\\s*include\\s*[<"]torch/' matched '#include <torch/'']
[VERIFIER_INLINE i=1 compiles=False correct=False sv_eager=0.0 sv_compile=0.0 verifier_msg='Source rejected: forbidden source pattern: '#\\s*include\\s*[<"]torch/' matched '#include <torch/'' error='Source rejected: forbidden source pattern: '#\\s*include\\s*[<"]torch/' matched '#include <torch/'']
[SYMPROBE_INLINE i=1 compiles=False has_extern_c=False has_wcc_kernel_decl=False has_global_wcc=False in_namespace=False is_static_or_inline=False code_tail_truncated=False]
[COMPUTE_REWARD] compiled=False correct=False symbol_loaded=True sv_eager=0.0 sv_compile=0.0 version=v3-symbol-shaped
[COMPUTE_REWARD] compiled=False correct=False symbol_loaded=True sv_eager=0.0 sv_compile=0.0 version=v3-symbol-shaped
[ROLLOUT_INLINE i=2 reward=-1.00 code_len=2701 compiles=False correct=False err='Source rejected: forbidden source pattern: '#\\s*include\\s*[<"]torch/' matched '#include <torch/'']
[VERIFIER_INLINE i=2 compiles=False correct=False sv_eager=0.0 sv_compile=0.0 verifier_msg='Source rejected: forbidden source pattern: '#\\s*include\\s*[<"]torch/' matched '#include <torch/'' error='Source rejected: forbidden source pattern: '#\\s*include\\s*[<"]torch/' matched '#include <torch/'']
[SYMPROBE_INLINE i=2 compiles=False has_extern_c=False has_wcc_kernel_decl=False has_global_wcc=False in_namespace=False is_static_or_inline=False code_tail_truncated=False]
[COMPUTE_REWARD] compiled=False correct=False symbol_loaded=True sv_eager=0.0 sv_compile=0.0 version=v3-symbol-shaped
[ROLLOUT_INLINE i=3 reward=-1.00 code_len=435 compiles=False correct=False err='/tmp/tmp9gornmhx.cu(2): error: identifier "scalar_t" is undefined   __attribute__((shared)) scalar_t sdata[32];                           ^  /tmp/tmp9gornmhx.cu(4): error: variable "sdata" is not a ty']
[VERIFIER_INLINE i=3 compiles=False correct=False sv_eager=0.0 sv_compile=0.0 verifier_msg='' error='/tmp/tmp9gornmhx.cu(2): error: identifier "scalar_t" is undefined   __attribute__((shared)) scalar_t sdata[32];                           ^  /tmp/tmp9gornmhx.cu(4): error: variable "sdata" is not a ty']
[SYMPROBE_INLINE i=3 compiles=False has_extern_c=False has_wcc_kernel_decl=False has_global_wcc=False in_namespace=False is_static_or_inline=False code_tail_truncated=False]
{'loss': 0.0, 'grad_norm': 0.0, 'learning_rate': 1.5199999999999998e-06, 'num_tokens': 56685.0, 'completions/mean_length': 1696.5, 'completions/min_length': 663.0, 'completions/max_length': 2048.0, 'completions/clipped_ratio': 0.5, 'completions/mean_terminated_length': 1345.0, 'completions/min_terminated_length': 663.0, 'completions/max_terminated_length': 2027.0, 'rewards/reward_from_env/mean': -1.0, 'rewards/reward_from_env/std': 0.0, 'reward': -1.0, 'reward_std': 0.0, 'frac_reward_zero_std': 1.0, 'entropy': 0.45151428133249283, 'clip_ratio/low_mean': 0.0, 'clip_ratio/low_min': 0.0, 'clip_ratio/high_mean': 0.0, 'clip_ratio/high_max': 0.0, 'clip_ratio/region_mean': 0.0, 'step_time': 1127.923084357055, 'epoch': 0.88}
[REWARD_FROM_ENV] computing 4 rewards inline (env_reward len=0); kwargs keys=['compile_flags', 'completion_ids', 'data_source', 'difficulty', 'evaluation_backend', 'expert_code', 'extern_c_signature', 'graph_properties', 'kernel_id', 'ops', 'prompts', 'support_reason', 'supports_evaluation', 'task_code', 'topology', 'trainer_state']
[COMPUTE_REWARD] compiled=False correct=False symbol_loaded=True sv_eager=0.0 sv_compile=0.0 version=v3-symbol-shaped
[COMPUTE_REWARD] compiled=False correct=False symbol_loaded=True sv_eager=0.0 sv_compile=0.0 version=v3-symbol-shaped
[ROLLOUT_INLINE i=0 reward=-1.00 code_len=1804 compiles=False correct=False err='Source rejected: forbidden source pattern: '#\\s*include\\s*[<"]torch/' matched '#include <torch/'']
[VERIFIER_INLINE i=0 compiles=False correct=False sv_eager=0.0 sv_compile=0.0 verifier_msg='Source rejected: forbidden source pattern: '#\\s*include\\s*[<"]torch/' matched '#include <torch/'' error='Source rejected: forbidden source pattern: '#\\s*include\\s*[<"]torch/' matched '#include <torch/'']
[SYMPROBE_INLINE i=0 compiles=False has_extern_c=False has_wcc_kernel_decl=False has_global_wcc=False in_namespace=False is_static_or_inline=False code_tail_truncated=False]
[COMPUTE_REWARD] compiled=False correct=False symbol_loaded=True sv_eager=0.0 sv_compile=0.0 version=v3-symbol-shaped
[COMPUTE_REWARD] compiled=False correct=False symbol_loaded=True sv_eager=0.0 sv_compile=0.0 version=v3-symbol-shaped
[ROLLOUT_INLINE i=1 reward=-1.00 code_len=1356 compiles=False correct=False err='Source rejected: forbidden source pattern: '#\\s*include\\s*[<"]torch/' matched '#include <torch/'']
[VERIFIER_INLINE i=1 compiles=False correct=False sv_eager=0.0 sv_compile=0.0 verifier_msg='Source rejected: forbidden source pattern: '#\\s*include\\s*[<"]torch/' matched '#include <torch/'' error='Source rejected: forbidden source pattern: '#\\s*include\\s*[<"]torch/' matched '#include <torch/'']
[SYMPROBE_INLINE i=1 compiles=False has_extern_c=False has_wcc_kernel_decl=False has_global_wcc=False in_namespace=False is_static_or_inline=False code_tail_truncated=False]
[COMPUTE_REWARD] compiled=False correct=False symbol_loaded=True sv_eager=0.0 sv_compile=0.0 version=v3-symbol-shaped
[COMPUTE_REWARD] compiled=False correct=False symbol_loaded=True sv_eager=0.0 sv_compile=0.0 version=v3-symbol-shaped
[ROLLOUT_INLINE i=2 reward=-1.00 code_len=2127 compiles=False correct=False err='Source rejected: forbidden source pattern: '#\\s*include\\s*[<"]torch/' matched '#include <torch/'']
[VERIFIER_INLINE i=2 compiles=False correct=False sv_eager=0.0 sv_compile=0.0 verifier_msg='Source rejected: forbidden source pattern: '#\\s*include\\s*[<"]torch/' matched '#include <torch/'' error='Source rejected: forbidden source pattern: '#\\s*include\\s*[<"]torch/' matched '#include <torch/'']
[SYMPROBE_INLINE i=2 compiles=False has_extern_c=False has_wcc_kernel_decl=False has_global_wcc=False in_namespace=False is_static_or_inline=False code_tail_truncated=True]
[COMPUTE_REWARD] compiled=False correct=False symbol_loaded=True sv_eager=0.0 sv_compile=0.0 version=v3-symbol-shaped
[COMPUTE_REWARD] compiled=False correct=False symbol_loaded=True sv_eager=0.0 sv_compile=0.0 version=v3-symbol-shaped
[ROLLOUT_INLINE i=3 reward=-1.00 code_len=3143 compiles=False correct=False err='Source rejected: forbidden source pattern: '#\\s*include\\s*[<"]torch/' matched '#include <torch/'']
[VERIFIER_INLINE i=3 compiles=False correct=False sv_eager=0.0 sv_compile=0.0 verifier_msg='Source rejected: forbidden source pattern: '#\\s*include\\s*[<"]torch/' matched '#include <torch/'' error='Source rejected: forbidden source pattern: '#\\s*include\\s*[<"]torch/' matched '#include <torch/'']
[SYMPROBE_INLINE i=3 compiles=False has_extern_c=False has_wcc_kernel_decl=False has_global_wcc=False in_namespace=False is_static_or_inline=False code_tail_truncated=False]
{'loss': 0.0, 'grad_norm': 0.0, 'learning_rate': 1.44e-06, 'num_tokens': 63767.0, 'completions/mean_length': 1487.0, 'completions/min_length': 831.0, 'completions/max_length': 2048.0, 'completions/clipped_ratio': 0.25, 'completions/mean_terminated_length': 1300.0, 'completions/min_terminated_length': 831.0, 'completions/max_terminated_length': 1996.0, 'rewards/reward_from_env/mean': -1.0, 'rewards/reward_from_env/std': 0.0, 'reward': -1.0, 'reward_std': 0.0, 'frac_reward_zero_std': 1.0, 'entropy': 0.2623868025839329, 'clip_ratio/low_mean': 0.0, 'clip_ratio/low_min': 0.0, 'clip_ratio/high_mean': 0.0, 'clip_ratio/high_max': 0.0, 'clip_ratio/region_mean': 0.0, 'step_time': 1079.0800955612212, 'epoch': 1.0}
[REWARD_FROM_ENV] computing 4 rewards inline (env_reward len=0); kwargs keys=['compile_flags', 'completion_ids', 'data_source', 'difficulty', 'evaluation_backend', 'expert_code', 'extern_c_signature', 'graph_properties', 'kernel_id', 'ops', 'prompts', 'support_reason', 'supports_evaluation', 'task_code', 'topology', 'trainer_state']
[COMPUTE_REWARD] compiled=False correct=False symbol_loaded=True sv_eager=0.0 sv_compile=0.0 version=v3-symbol-shaped
[COMPUTE_REWARD] compiled=False correct=False symbol_loaded=True sv_eager=0.0 sv_compile=0.0 version=v3-symbol-shaped
[ROLLOUT_INLINE i=0 reward=-1.00 code_len=4844 compiles=False correct=False err='Source rejected: forbidden source pattern: '#\\s*include\\s*[<"]torch/' matched '#include <torch/'']
[VERIFIER_INLINE i=0 compiles=False correct=False sv_eager=0.0 sv_compile=0.0 verifier_msg='Source rejected: forbidden source pattern: '#\\s*include\\s*[<"]torch/' matched '#include <torch/'' error='Source rejected: forbidden source pattern: '#\\s*include\\s*[<"]torch/' matched '#include <torch/'']
[SYMPROBE_INLINE i=0 compiles=False has_extern_c=False has_wcc_kernel_decl=False has_global_wcc=False in_namespace=False is_static_or_inline=False code_tail_truncated=False]
[COMPUTE_REWARD] compiled=False correct=False symbol_loaded=True sv_eager=0.0 sv_compile=0.0 version=v3-symbol-shaped
[COMPUTE_REWARD] compiled=False correct=False symbol_loaded=True sv_eager=0.0 sv_compile=0.0 version=v3-symbol-shaped
[ROLLOUT_INLINE i=1 reward=-1.00 code_len=8050 compiles=False correct=False err='Source rejected: forbidden source pattern: '#\\s*include\\s*[<"]torch/' matched '#include <torch/'']
[VERIFIER_INLINE i=1 compiles=False correct=False sv_eager=0.0 sv_compile=0.0 verifier_msg='Source rejected: forbidden source pattern: '#\\s*include\\s*[<"]torch/' matched '#include <torch/'' error='Source rejected: forbidden source pattern: '#\\s*include\\s*[<"]torch/' matched '#include <torch/'']
[SYMPROBE_INLINE i=1 compiles=False has_extern_c=False has_wcc_kernel_decl=False has_global_wcc=False in_namespace=False is_static_or_inline=False code_tail_truncated=True]
[COMPUTE_REWARD] compiled=False correct=False symbol_loaded=True sv_eager=0.0 sv_compile=0.0 version=v3-symbol-shaped
[COMPUTE_REWARD] compiled=False correct=False symbol_loaded=True sv_eager=0.0 sv_compile=0.0 version=v3-symbol-shaped
[ROLLOUT_INLINE i=2 reward=-1.00 code_len=4111 compiles=False correct=False err='Source rejected: forbidden source pattern: '#\\s*include\\s*[<"]torch/' matched '#include <torch/'']
[VERIFIER_INLINE i=2 compiles=False correct=False sv_eager=0.0 sv_compile=0.0 verifier_msg='Source rejected: forbidden source pattern: '#\\s*include\\s*[<"]torch/' matched '#include <torch/'' error='Source rejected: forbidden source pattern: '#\\s*include\\s*[<"]torch/' matched '#include <torch/'']
[SYMPROBE_INLINE i=2 compiles=False has_extern_c=False has_wcc_kernel_decl=False has_global_wcc=False in_namespace=False is_static_or_inline=False code_tail_truncated=False]
[COMPUTE_REWARD] compiled=False correct=False symbol_loaded=True sv_eager=0.0 sv_compile=0.0 version=v3-symbol-shaped
[COMPUTE_REWARD] compiled=False correct=False symbol_loaded=True sv_eager=0.0 sv_compile=0.0 version=v3-symbol-shaped
[ROLLOUT_INLINE i=3 reward=-1.00 code_len=2865 compiles=False correct=False err='Source rejected: forbidden source pattern: '#\\s*include\\s*[<"]torch/' matched '#include <torch/'']
[VERIFIER_INLINE i=3 compiles=False correct=False sv_eager=0.0 sv_compile=0.0 verifier_msg='Source rejected: forbidden source pattern: '#\\s*include\\s*[<"]torch/' matched '#include <torch/'' error='Source rejected: forbidden source pattern: '#\\s*include\\s*[<"]torch/' matched '#include <torch/'']
[SYMPROBE_INLINE i=3 compiles=False has_extern_c=False has_wcc_kernel_decl=False has_global_wcc=False in_namespace=False is_static_or_inline=False code_tail_truncated=False]
{'loss': 0.0, 'grad_norm': 0.0, 'learning_rate': 1.3600000000000001e-06, 'num_tokens': 70912.0, 'completions/mean_length': 1394.25, 'completions/min_length': 751.0, 'completions/max_length': 2048.0, 'completions/clipped_ratio': 0.25, 'completions/mean_terminated_length': 1176.3333740234375, 'completions/min_terminated_length': 751.0, 'completions/max_terminated_length': 1522.0, 'rewards/reward_from_env/mean': -1.0, 'rewards/reward_from_env/std': 0.0, 'reward': -1.0, 'reward_std': 0.0, 'frac_reward_zero_std': 1.0, 'entropy': 0.19004912301898003, 'clip_ratio/low_mean': 0.0, 'clip_ratio/low_min': 0.0, 'clip_ratio/high_mean': 0.0, 'clip_ratio/high_max': 0.0, 'clip_ratio/region_mean': 0.0, 'step_time': 1045.2455324719194, 'epoch': 1.12}
[REWARD_FROM_ENV] computing 4 rewards inline (env_reward len=0); kwargs keys=['compile_flags', 'completion_ids', 'data_source', 'difficulty', 'evaluation_backend', 'expert_code', 'extern_c_signature', 'graph_properties', 'kernel_id', 'ops', 'prompts', 'support_reason', 'supports_evaluation', 'task_code', 'topology', 'trainer_state']
[COMPUTE_REWARD] compiled=True correct=False symbol_loaded=False sv_eager=0.0 sv_compile=0.0 version=v3-symbol-shaped
[COMPUTE_REWARD] compiled=True correct=False symbol_loaded=False sv_eager=0.0 sv_compile=0.0 version=v3-symbol-shaped
[ROLLOUT_INLINE i=0 reward=-0.50 code_len=353 compiles=True correct=False err='Kernel FFI verification failed: undefined symbol: run_kernel']
[VERIFIER_INLINE i=0 compiles=True correct=False sv_eager=0.0 sv_compile=0.0 verifier_msg='Kernel FFI verification failed: undefined symbol: run_kernel' error='Kernel FFI verification failed: undefined symbol: run_kernel']
[SYMPROBE_INLINE i=0 compiles=True has_extern_c=False has_wcc_kernel_decl=False has_global_wcc=False in_namespace=False is_static_or_inline=False code_tail_truncated=False]
[COMPUTE_REWARD] compiled=False correct=False symbol_loaded=True sv_eager=0.0 sv_compile=0.0 version=v3-symbol-shaped
[ROLLOUT_INLINE i=1 reward=-1.00 code_len=693 compiles=False correct=False err='/tmp/tmpfyurw9b_.cu:1:10: fatal error: ATen/ATen.h: No such file or directory     1 | #include <ATen/ATen.h>       |          ^~~~~~~~~~~~~ compilation terminated. ']
[VERIFIER_INLINE i=1 compiles=False correct=False sv_eager=0.0 sv_compile=0.0 verifier_msg='' error='/tmp/tmpfyurw9b_.cu:1:10: fatal error: ATen/ATen.h: No such file or directory     1 | #include <ATen/ATen.h>       |          ^~~~~~~~~~~~~ compilation terminated. ']
[SYMPROBE_INLINE i=1 compiles=False has_extern_c=False has_wcc_kernel_decl=False has_global_wcc=False in_namespace=True is_static_or_inline=False code_tail_truncated=True]
[COMPUTE_REWARD] compiled=False correct=False symbol_loaded=True sv_eager=0.0 sv_compile=0.0 version=v3-symbol-shaped
[COMPUTE_REWARD] compiled=False correct=False symbol_loaded=True sv_eager=0.0 sv_compile=0.0 version=v3-symbol-shaped
[ROLLOUT_INLINE i=2 reward=-1.00 code_len=2992 compiles=False correct=False err='Source rejected: forbidden source pattern: '#\\s*include\\s*[<"]torch/' matched '#include <torch/'']
[VERIFIER_INLINE i=2 compiles=False correct=False sv_eager=0.0 sv_compile=0.0 verifier_msg='Source rejected: forbidden source pattern: '#\\s*include\\s*[<"]torch/' matched '#include <torch/'' error='Source rejected: forbidden source pattern: '#\\s*include\\s*[<"]torch/' matched '#include <torch/'']
[SYMPROBE_INLINE i=2 compiles=False has_extern_c=False has_wcc_kernel_decl=False has_global_wcc=False in_namespace=False is_static_or_inline=False code_tail_truncated=False]
[COMPUTE_REWARD] compiled=False correct=False symbol_loaded=True sv_eager=0.0 sv_compile=0.0 version=v3-symbol-shaped
[COMPUTE_REWARD] compiled=False correct=False symbol_loaded=True sv_eager=0.0 sv_compile=0.0 version=v3-symbol-shaped
[ROLLOUT_INLINE i=3 reward=-1.00 code_len=2180 compiles=False correct=False err='Source rejected: forbidden source pattern: '#\\s*include\\s*[<"]torch/' matched '#include <torch/'']
[VERIFIER_INLINE i=3 compiles=False correct=False sv_eager=0.0 sv_compile=0.0 verifier_msg='Source rejected: forbidden source pattern: '#\\s*include\\s*[<"]torch/' matched '#include <torch/'' error='Source rejected: forbidden source pattern: '#\\s*include\\s*[<"]torch/' matched '#include <torch/'']
[SYMPROBE_INLINE i=3 compiles=False has_extern_c=False has_wcc_kernel_decl=False has_global_wcc=False in_namespace=False is_static_or_inline=False code_tail_truncated=True]
{'loss': 0.0387, 'grad_norm': 0.042985789477825165, 'learning_rate': 1.28e-06, 'num_tokens': 76542.0, 'completions/mean_length': 1238.5, 'completions/min_length': 401.0, 'completions/max_length': 2048.0, 'completions/clipped_ratio': 0.25, 'completions/mean_terminated_length': 968.6666870117188, 'completions/min_terminated_length': 401.0, 'completions/max_terminated_length': 1833.0, 'rewards/reward_from_env/mean': -0.875, 'rewards/reward_from_env/std': 0.25, 'reward': -0.875, 'reward_std': 0.25, 'frac_reward_zero_std': 0.5, 'entropy': 0.2537158392369747, 'clip_ratio/low_mean': 0.0, 'clip_ratio/low_min': 0.0, 'clip_ratio/high_mean': 0.0, 'clip_ratio/high_max': 0.0, 'clip_ratio/region_mean': 0.0, 'step_time': 1059.758969472954, 'epoch': 1.25}
[REWARD_FROM_ENV] computing 4 rewards inline (env_reward len=0); kwargs keys=['compile_flags', 'completion_ids', 'data_source', 'difficulty', 'evaluation_backend', 'expert_code', 'extern_c_signature', 'graph_properties', 'kernel_id', 'ops', 'prompts', 'support_reason', 'supports_evaluation', 'task_code', 'topology', 'trainer_state']
[COMPUTE_REWARD] compiled=False correct=False symbol_loaded=True sv_eager=0.0 sv_compile=0.0 version=v3-symbol-shaped
[COMPUTE_REWARD] compiled=False correct=False symbol_loaded=True sv_eager=0.0 sv_compile=0.0 version=v3-symbol-shaped
[ROLLOUT_INLINE i=0 reward=-1.00 code_len=5286 compiles=False correct=False err='Source rejected: forbidden source pattern: '#\\s*include\\s*[<"]torch/' matched '#include <torch/'']
[VERIFIER_INLINE i=0 compiles=False correct=False sv_eager=0.0 sv_compile=0.0 verifier_msg='Source rejected: forbidden source pattern: '#\\s*include\\s*[<"]torch/' matched '#include <torch/'' error='Source rejected: forbidden source pattern: '#\\s*include\\s*[<"]torch/' matched '#include <torch/'']
[SYMPROBE_INLINE i=0 compiles=False has_extern_c=False has_wcc_kernel_decl=False has_global_wcc=False in_namespace=False is_static_or_inline=False code_tail_truncated=False]
[COMPUTE_REWARD] compiled=False correct=False symbol_loaded=True sv_eager=0.0 sv_compile=0.0 version=v3-symbol-shaped
[COMPUTE_REWARD] compiled=False correct=False symbol_loaded=True sv_eager=0.0 sv_compile=0.0 version=v3-symbol-shaped
[ROLLOUT_INLINE i=1 reward=-1.00 code_len=3492 compiles=False correct=False err='Source rejected: forbidden source pattern: '#\\s*include\\s*[<"]torch/' matched '#include <torch/'']
[VERIFIER_INLINE i=1 compiles=False correct=False sv_eager=0.0 sv_compile=0.0 verifier_msg='Source rejected: forbidden source pattern: '#\\s*include\\s*[<"]torch/' matched '#include <torch/'' error='Source rejected: forbidden source pattern: '#\\s*include\\s*[<"]torch/' matched '#include <torch/'']
[SYMPROBE_INLINE i=1 compiles=False has_extern_c=False has_wcc_kernel_decl=False has_global_wcc=False in_namespace=False is_static_or_inline=False code_tail_truncated=False]
[COMPUTE_REWARD] compiled=False correct=False symbol_loaded=True sv_eager=0.0 sv_compile=0.0 version=v3-symbol-shaped
[COMPUTE_REWARD] compiled=False correct=False symbol_loaded=True sv_eager=0.0 sv_compile=0.0 version=v3-symbol-shaped
[ROLLOUT_INLINE i=2 reward=-1.00 code_len=5642 compiles=False correct=False err='Source rejected: forbidden source pattern: '#\\s*include\\s*[<"]torch/' matched '#include <torch/'']
[VERIFIER_INLINE i=2 compiles=False correct=False sv_eager=0.0 sv_compile=0.0 verifier_msg='Source rejected: forbidden source pattern: '#\\s*include\\s*[<"]torch/' matched '#include <torch/'' error='Source rejected: forbidden source pattern: '#\\s*include\\s*[<"]torch/' matched '#include <torch/'']
[SYMPROBE_INLINE i=2 compiles=False has_extern_c=False has_wcc_kernel_decl=False has_global_wcc=False in_namespace=False is_static_or_inline=False code_tail_truncated=False]
[COMPUTE_REWARD] compiled=False correct=False symbol_loaded=True sv_eager=0.0 sv_compile=0.0 version=v3-symbol-shaped
[COMPUTE_REWARD] compiled=False correct=False symbol_loaded=True sv_eager=0.0 sv_compile=0.0 version=v3-symbol-shaped
[ROLLOUT_INLINE i=3 reward=-1.00 code_len=7438 compiles=False correct=False err='Source rejected: forbidden source pattern: '#\\s*include\\s*[<"]torch/' matched '#include <torch/'']
[VERIFIER_INLINE i=3 compiles=False correct=False sv_eager=0.0 sv_compile=0.0 verifier_msg='Source rejected: forbidden source pattern: '#\\s*include\\s*[<"]torch/' matched '#include <torch/'' error='Source rejected: forbidden source pattern: '#\\s*include\\s*[<"]torch/' matched '#include <torch/'']
[SYMPROBE_INLINE i=3 compiles=False has_extern_c=False has_wcc_kernel_decl=False has_global_wcc=False in_namespace=False is_static_or_inline=False code_tail_truncated=True]
{'loss': 0.0, 'grad_norm': 0.0, 'learning_rate': 1.2e-06, 'num_tokens': 83762.0, 'completions/mean_length': 1455.5, 'completions/min_length': 952.0, 'completions/max_length': 2048.0, 'completions/clipped_ratio': 0.25, 'completions/mean_terminated_length': 1258.0, 'completions/min_terminated_length': 952.0, 'completions/max_terminated_length': 1530.0, 'rewards/reward_from_env/mean': -1.0, 'rewards/reward_from_env/std': 0.0, 'reward': -1.0, 'reward_std': 0.0, 'frac_reward_zero_std': 1.0, 'entropy': 0.34422431141138077, 'clip_ratio/low_mean': 0.0, 'clip_ratio/low_min': 0.0, 'clip_ratio/high_mean': 0.0, 'clip_ratio/high_max': 0.0, 'clip_ratio/region_mean': 0.0, 'step_time': 1033.417659890838, 'epoch': 1.38}
[REWARD_FROM_ENV] computing 4 rewards inline (env_reward len=0); kwargs keys=['compile_flags', 'completion_ids', 'data_source', 'difficulty', 'evaluation_backend', 'expert_code', 'extern_c_signature', 'graph_properties', 'kernel_id', 'ops', 'prompts', 'support_reason', 'supports_evaluation', 'task_code', 'topology', 'trainer_state']
[COMPUTE_REWARD] compiled=False correct=False symbol_loaded=True sv_eager=0.0 sv_compile=0.0 version=v3-symbol-shaped
[COMPUTE_REWARD] compiled=False correct=False symbol_loaded=True sv_eager=0.0 sv_compile=0.0 version=v3-symbol-shaped
[ROLLOUT_INLINE i=0 reward=-1.00 code_len=4651 compiles=False correct=False err='Source rejected: forbidden source pattern: '#\\s*include\\s*[<"]torch/' matched '#include <torch/'']
[VERIFIER_INLINE i=0 compiles=False correct=False sv_eager=0.0 sv_compile=0.0 verifier_msg='Source rejected: forbidden source pattern: '#\\s*include\\s*[<"]torch/' matched '#include <torch/'' error='Source rejected: forbidden source pattern: '#\\s*include\\s*[<"]torch/' matched '#include <torch/'']
[SYMPROBE_INLINE i=0 compiles=False has_extern_c=False has_wcc_kernel_decl=False has_global_wcc=False in_namespace=False is_static_or_inline=False code_tail_truncated=False]
[COMPUTE_REWARD] compiled=False correct=False symbol_loaded=True sv_eager=0.0 sv_compile=0.0 version=v3-symbol-shaped
[COMPUTE_REWARD] compiled=False correct=False symbol_loaded=True sv_eager=0.0 sv_compile=0.0 version=v3-symbol-shaped
[ROLLOUT_INLINE i=1 reward=-1.00 code_len=2971 compiles=False correct=False err='Source rejected: forbidden source pattern: '#\\s*include\\s*[<"]torch/' matched '#include <torch/'']
[VERIFIER_INLINE i=1 compiles=False correct=False sv_eager=0.0 sv_compile=0.0 verifier_msg='Source rejected: forbidden source pattern: '#\\s*include\\s*[<"]torch/' matched '#include <torch/'' error='Source rejected: forbidden source pattern: '#\\s*include\\s*[<"]torch/' matched '#include <torch/'']
[SYMPROBE_INLINE i=1 compiles=False has_extern_c=False has_wcc_kernel_decl=False has_global_wcc=False in_namespace=False is_static_or_inline=False code_tail_truncated=False]
[COMPUTE_REWARD] compiled=False correct=False symbol_loaded=True sv_eager=0.0 sv_compile=0.0 version=v3-symbol-shaped
[COMPUTE_REWARD] compiled=False correct=False symbol_loaded=True sv_eager=0.0 sv_compile=0.0 version=v3-symbol-shaped
[ROLLOUT_INLINE i=2 reward=-1.00 code_len=4678 compiles=False correct=False err='Source rejected: forbidden source pattern: '#\\s*include\\s*[<"]torch/' matched '#include <torch/'']
[VERIFIER_INLINE i=2 compiles=False correct=False sv_eager=0.0 sv_compile=0.0 verifier_msg='Source rejected: forbidden source pattern: '#\\s*include\\s*[<"]torch/' matched '#include <torch/'' error='Source rejected: forbidden source pattern: '#\\s*include\\s*[<"]torch/' matched '#include <torch/'']
[SYMPROBE_INLINE i=2 compiles=False has_extern_c=False has_wcc_kernel_decl=False has_global_wcc=False in_namespace=False is_static_or_inline=False code_tail_truncated=False]
[COMPUTE_REWARD] compiled=False correct=False symbol_loaded=True sv_eager=0.0 sv_compile=0.0 version=v3-symbol-shaped
[COMPUTE_REWARD] compiled=False correct=False symbol_loaded=True sv_eager=0.0 sv_compile=0.0 version=v3-symbol-shaped
[ROLLOUT_INLINE i=3 reward=-1.00 code_len=3844 compiles=False correct=False err='Source rejected: forbidden source pattern: '#\\s*include\\s*[<"]torch/' matched '#include <torch/'']
[VERIFIER_INLINE i=3 compiles=False correct=False sv_eager=0.0 sv_compile=0.0 verifier_msg='Source rejected: forbidden source pattern: '#\\s*include\\s*[<"]torch/' matched '#include <torch/'' error='Source rejected: forbidden source pattern: '#\\s*include\\s*[<"]torch/' matched '#include <torch/'']
[SYMPROBE_INLINE i=3 compiles=False has_extern_c=False has_wcc_kernel_decl=False has_global_wcc=False in_namespace=False is_static_or_inline=False code_tail_truncated=True]
{'loss': 0.0, 'grad_norm': 0.0, 'learning_rate': 1.12e-06, 'num_tokens': 92607.0, 'completions/mean_length': 1861.75, 'completions/min_length': 1303.0, 'completions/max_length': 2048.0, 'completions/clipped_ratio': 0.75, 'completions/mean_terminated_length': 1303.0, 'completions/min_terminated_length': 1303.0, 'completions/max_terminated_length': 1303.0, 'rewards/reward_from_env/mean': -1.0, 'rewards/reward_from_env/std': 0.0, 'reward': -1.0, 'reward_std': 0.0, 'frac_reward_zero_std': 1.0, 'entropy': 0.16295013390481472, 'clip_ratio/low_mean': 0.0, 'clip_ratio/low_min': 0.0, 'clip_ratio/high_mean': 0.0, 'clip_ratio/high_max': 0.0, 'clip_ratio/region_mean': 0.0, 'step_time': 1129.2373139772099, 'epoch': 1.5}
[REWARD_FROM_ENV] computing 4 rewards inline (env_reward len=0); kwargs keys=['compile_flags', 'completion_ids', 'data_source', 'difficulty', 'evaluation_backend', 'expert_code', 'extern_c_signature', 'graph_properties', 'kernel_id', 'ops', 'prompts', 'support_reason', 'supports_evaluation', 'task_code', 'topology', 'trainer_state']
[COMPUTE_REWARD] compiled=False correct=False symbol_loaded=True sv_eager=0.0 sv_compile=0.0 version=v3-symbol-shaped
[COMPUTE_REWARD] compiled=False correct=False symbol_loaded=True sv_eager=0.0 sv_compile=0.0 version=v3-symbol-shaped
[ROLLOUT_INLINE i=0 reward=-1.00 code_len=4573 compiles=False correct=False err='Source rejected: forbidden source pattern: '#\\s*include\\s*[<"]torch/' matched '#include <torch/'']
[VERIFIER_INLINE i=0 compiles=False correct=False sv_eager=0.0 sv_compile=0.0 verifier_msg='Source rejected: forbidden source pattern: '#\\s*include\\s*[<"]torch/' matched '#include <torch/'' error='Source rejected: forbidden source pattern: '#\\s*include\\s*[<"]torch/' matched '#include <torch/'']
[SYMPROBE_INLINE i=0 compiles=False has_extern_c=False has_wcc_kernel_decl=False has_global_wcc=False in_namespace=False is_static_or_inline=False code_tail_truncated=False]
[COMPUTE_REWARD] compiled=False correct=False symbol_loaded=True sv_eager=0.0 sv_compile=0.0 version=v3-symbol-shaped
[COMPUTE_REWARD] compiled=False correct=False symbol_loaded=True sv_eager=0.0 sv_compile=0.0 version=v3-symbol-shaped
[ROLLOUT_INLINE i=1 reward=-1.00 code_len=6642 compiles=False correct=False err='Source rejected: forbidden source pattern: '#\\s*include\\s*[<"]torch/' matched '#include <torch/'']
[VERIFIER_INLINE i=1 compiles=False correct=False sv_eager=0.0 sv_compile=0.0 verifier_msg='Source rejected: forbidden source pattern: '#\\s*include\\s*[<"]torch/' matched '#include <torch/'' error='Source rejected: forbidden source pattern: '#\\s*include\\s*[<"]torch/' matched '#include <torch/'']
[SYMPROBE_INLINE i=1 compiles=False has_extern_c=False has_wcc_kernel_decl=False has_global_wcc=False in_namespace=False is_static_or_inline=False code_tail_truncated=False]
[COMPUTE_REWARD] compiled=False correct=False symbol_loaded=True sv_eager=0.0 sv_compile=0.0 version=v3-symbol-shaped
[ROLLOUT_INLINE i=2 reward=-1.00 code_len=319 compiles=False correct=False err='/tmp/tmp0_xhehyx.cu(1): error: expected a declaration   if (c < channels) {   ^  1 error detected in the compilation of "/tmp/tmp0_xhehyx.cu". ']
[VERIFIER_INLINE i=2 compiles=False correct=False sv_eager=0.0 sv_compile=0.0 verifier_msg='' error='/tmp/tmp0_xhehyx.cu(1): error: expected a declaration   if (c < channels) {   ^  1 error detected in the compilation of "/tmp/tmp0_xhehyx.cu". ']
[SYMPROBE_INLINE i=2 compiles=False has_extern_c=False has_wcc_kernel_decl=False has_global_wcc=False in_namespace=False is_static_or_inline=False code_tail_truncated=False]
[COMPUTE_REWARD] compiled=False correct=False symbol_loaded=True sv_eager=0.0 sv_compile=0.0 version=v3-symbol-shaped
[COMPUTE_REWARD] compiled=False correct=False symbol_loaded=True sv_eager=0.0 sv_compile=0.0 version=v3-symbol-shaped
[ROLLOUT_INLINE i=3 reward=-1.00 code_len=7856 compiles=False correct=False err='Source rejected: forbidden source pattern: '#\\s*include\\s*[<"]torch/' matched '#include <torch/'']
[VERIFIER_INLINE i=3 compiles=False correct=False sv_eager=0.0 sv_compile=0.0 verifier_msg='Source rejected: forbidden source pattern: '#\\s*include\\s*[<"]torch/' matched '#include <torch/'' error='Source rejected: forbidden source pattern: '#\\s*include\\s*[<"]torch/' matched '#include <torch/'']
[SYMPROBE_INLINE i=3 compiles=False has_extern_c=False has_wcc_kernel_decl=False has_global_wcc=False in_namespace=False is_static_or_inline=False code_tail_truncated=True]
{'loss': 0.0, 'grad_norm': 0.0, 'learning_rate': 1.04e-06, 'num_tokens': 100816.0, 'completions/mean_length': 1765.25, 'completions/min_length': 1160.0, 'completions/max_length': 2048.0, 'completions/clipped_ratio': 0.5, 'completions/mean_terminated_length': 1482.5, 'completions/min_terminated_length': 1160.0, 'completions/max_terminated_length': 1805.0, 'rewards/reward_from_env/mean': -1.0, 'rewards/reward_from_env/std': 0.0, 'reward': -1.0, 'reward_std': 0.0, 'frac_reward_zero_std': 1.0, 'entropy': 0.19938018172979355, 'clip_ratio/low_mean': 0.0, 'clip_ratio/low_min': 0.0, 'clip_ratio/high_mean': 0.0, 'clip_ratio/high_max': 0.0, 'clip_ratio/region_mean': 0.0, 'step_time': 1098.4938945369795, 'epoch': 1.62}
[REWARD_FROM_ENV] computing 4 rewards inline (env_reward len=0); kwargs keys=['compile_flags', 'completion_ids', 'data_source', 'difficulty', 'evaluation_backend', 'expert_code', 'extern_c_signature', 'graph_properties', 'kernel_id', 'ops', 'prompts', 'support_reason', 'supports_evaluation', 'task_code', 'topology', 'trainer_state']
[COMPUTE_REWARD] compiled=False correct=False symbol_loaded=True sv_eager=0.0 sv_compile=0.0 version=v3-symbol-shaped
[COMPUTE_REWARD] compiled=False correct=False symbol_loaded=True sv_eager=0.0 sv_compile=0.0 version=v3-symbol-shaped
[ROLLOUT_INLINE i=0 reward=-1.00 code_len=6066 compiles=False correct=False err='Source rejected: forbidden source pattern: '#\\s*include\\s*[<"]torch/' matched '#include <torch/'']
[VERIFIER_INLINE i=0 compiles=False correct=False sv_eager=0.0 sv_compile=0.0 verifier_msg='Source rejected: forbidden source pattern: '#\\s*include\\s*[<"]torch/' matched '#include <torch/'' error='Source rejected: forbidden source pattern: '#\\s*include\\s*[<"]torch/' matched '#include <torch/'']
[SYMPROBE_INLINE i=0 compiles=False has_extern_c=False has_wcc_kernel_decl=False has_global_wcc=False in_namespace=False is_static_or_inline=False code_tail_truncated=True]
[COMPUTE_REWARD] compiled=False correct=False symbol_loaded=True sv_eager=0.0 sv_compile=0.0 version=v3-symbol-shaped
[COMPUTE_REWARD] compiled=False correct=False symbol_loaded=True sv_eager=0.0 sv_compile=0.0 version=v3-symbol-shaped
[ROLLOUT_INLINE i=1 reward=-1.00 code_len=2070 compiles=False correct=False err='Source rejected: forbidden source pattern: '#\\s*include\\s*[<"]torch/' matched '#include <torch/'']
[VERIFIER_INLINE i=1 compiles=False correct=False sv_eager=0.0 sv_compile=0.0 verifier_msg='Source rejected: forbidden source pattern: '#\\s*include\\s*[<"]torch/' matched '#include <torch/'' error='Source rejected: forbidden source pattern: '#\\s*include\\s*[<"]torch/' matched '#include <torch/'']
[SYMPROBE_INLINE i=1 compiles=False has_extern_c=False has_wcc_kernel_decl=False has_global_wcc=False in_namespace=False is_static_or_inline=False code_tail_truncated=False]
[COMPUTE_REWARD] compiled=False correct=False symbol_loaded=True sv_eager=0.0 sv_compile=0.0 version=v3-symbol-shaped
[COMPUTE_REWARD] compiled=False correct=False symbol_loaded=True sv_eager=0.0 sv_compile=0.0 version=v3-symbol-shaped
[ROLLOUT_INLINE i=2 reward=-1.00 code_len=7794 compiles=False correct=False err='Source rejected: forbidden source pattern: '#\\s*include\\s*[<"]torch/' matched '#include <torch/'']
[VERIFIER_INLINE i=2 compiles=False correct=False sv_eager=0.0 sv_compile=0.0 verifier_msg='Source rejected: forbidden source pattern: '#\\s*include\\s*[<"]torch/' matched '#include <torch/'' error='Source rejected: forbidden source pattern: '#\\s*include\\s*[<"]torch/' matched '#include <torch/'']
[SYMPROBE_INLINE i=2 compiles=False has_extern_c=False has_wcc_kernel_decl=False has_global_wcc=False in_namespace=False is_static_or_inline=False code_tail_truncated=True]
[COMPUTE_REWARD] compiled=False correct=False symbol_loaded=True sv_eager=0.0 sv_compile=0.0 version=v3-symbol-shaped
[COMPUTE_REWARD] compiled=False correct=False symbol_loaded=True sv_eager=0.0 sv_compile=0.0 version=v3-symbol-shaped
[ROLLOUT_INLINE i=3 reward=-1.00 code_len=1866 compiles=False correct=False err='Source rejected: forbidden source pattern: '#\\s*include\\s*[<"]torch/' matched '#include <torch/'']
[VERIFIER_INLINE i=3 compiles=False correct=False sv_eager=0.0 sv_compile=0.0 verifier_msg='Source rejected: forbidden source pattern: '#\\s*include\\s*[<"]torch/' matched '#include <torch/'' error='Source rejected: forbidden source pattern: '#\\s*include\\s*[<"]torch/' matched '#include <torch/'']
[SYMPROBE_INLINE i=3 compiles=False has_extern_c=False has_wcc_kernel_decl=False has_global_wcc=False in_namespace=False is_static_or_inline=False code_tail_truncated=False]
{'loss': 0.0, 'grad_norm': 0.0, 'learning_rate': 9.6e-07, 'num_tokens': 108648.0, 'completions/mean_length': 1704.5, 'completions/min_length': 1364.0, 'completions/max_length': 2048.0, 'completions/clipped_ratio': 0.25, 'completions/mean_terminated_length': 1590.0, 'completions/min_terminated_length': 1364.0, 'completions/max_terminated_length': 1810.0, 'rewards/reward_from_env/mean': -1.0, 'rewards/reward_from_env/std': 0.0, 'reward': -1.0, 'reward_std': 0.0, 'frac_reward_zero_std': 1.0, 'entropy': 0.17958024889230728, 'clip_ratio/low_mean': 0.0, 'clip_ratio/low_min': 0.0, 'clip_ratio/high_mean': 0.0, 'clip_ratio/high_max': 0.0, 'clip_ratio/region_mean': 0.0, 'step_time': 1063.8895003010985, 'epoch': 1.75}
[REWARD_FROM_ENV] computing 4 rewards inline (env_reward len=0); kwargs keys=['compile_flags', 'completion_ids', 'data_source', 'difficulty', 'evaluation_backend', 'expert_code', 'extern_c_signature', 'graph_properties', 'kernel_id', 'ops', 'prompts', 'support_reason', 'supports_evaluation', 'task_code', 'topology', 'trainer_state']
[COMPUTE_REWARD] compiled=False correct=False symbol_loaded=True sv_eager=0.0 sv_compile=0.0 version=v3-symbol-shaped
[COMPUTE_REWARD] compiled=False correct=False symbol_loaded=True sv_eager=0.0 sv_compile=0.0 version=v3-symbol-shaped
[ROLLOUT_INLINE i=0 reward=-1.00 code_len=5798 compiles=False correct=False err='Source rejected: forbidden source pattern: '#\\s*include\\s*[<"]torch/' matched '#include <torch/'']
[VERIFIER_INLINE i=0 compiles=False correct=False sv_eager=0.0 sv_compile=0.0 verifier_msg='Source rejected: forbidden source pattern: '#\\s*include\\s*[<"]torch/' matched '#include <torch/'' error='Source rejected: forbidden source pattern: '#\\s*include\\s*[<"]torch/' matched '#include <torch/'']
[SYMPROBE_INLINE i=0 compiles=False has_extern_c=False has_wcc_kernel_decl=False has_global_wcc=False in_namespace=False is_static_or_inline=False code_tail_truncated=True]
[COMPUTE_REWARD] compiled=False correct=False symbol_loaded=True sv_eager=0.0 sv_compile=0.0 version=v3-symbol-shaped
[COMPUTE_REWARD] compiled=False correct=False symbol_loaded=True sv_eager=0.0 sv_compile=0.0 version=v3-symbol-shaped
[ROLLOUT_INLINE i=1 reward=-1.00 code_len=8447 compiles=False correct=False err='Source rejected: forbidden source pattern: '#\\s*include\\s*[<"]torch/' matched '#include <torch/'']
[VERIFIER_INLINE i=1 compiles=False correct=False sv_eager=0.0 sv_compile=0.0 verifier_msg='Source rejected: forbidden source pattern: '#\\s*include\\s*[<"]torch/' matched '#include <torch/'' error='Source rejected: forbidden source pattern: '#\\s*include\\s*[<"]torch/' matched '#include <torch/'']
[SYMPROBE_INLINE i=1 compiles=False has_extern_c=False has_wcc_kernel_decl=False has_global_wcc=False in_namespace=False is_static_or_inline=False code_tail_truncated=True]
[COMPUTE_REWARD] compiled=False correct=False symbol_loaded=True sv_eager=0.0 sv_compile=0.0 version=v3-symbol-shaped
[COMPUTE_REWARD] compiled=False correct=False symbol_loaded=True sv_eager=0.0 sv_compile=0.0 version=v3-symbol-shaped
[ROLLOUT_INLINE i=2 reward=-1.00 code_len=7867 compiles=False correct=False err='Source rejected: forbidden source pattern: '#\\s*include\\s*[<"]torch/' matched '#include <torch/'']
[VERIFIER_INLINE i=2 compiles=False correct=False sv_eager=0.0 sv_compile=0.0 verifier_msg='Source rejected: forbidden source pattern: '#\\s*include\\s*[<"]torch/' matched '#include <torch/'' error='Source rejected: forbidden source pattern: '#\\s*include\\s*[<"]torch/' matched '#include <torch/'']
[SYMPROBE_INLINE i=2 compiles=False has_extern_c=False has_wcc_kernel_decl=False has_global_wcc=False in_namespace=False is_static_or_inline=False code_tail_truncated=True]
[COMPUTE_REWARD] compiled=False correct=False symbol_loaded=True sv_eager=0.0 sv_compile=0.0 version=v3-symbol-shaped
[COMPUTE_REWARD] compiled=False correct=False symbol_loaded=True sv_eager=0.0 sv_compile=0.0 version=v3-symbol-shaped
[ROLLOUT_INLINE i=3 reward=-1.00 code_len=7807 compiles=False correct=False err='Source rejected: forbidden source pattern: '#\\s*include\\s*[<"]torch/' matched '#include <torch/'']
[VERIFIER_INLINE i=3 compiles=False correct=False sv_eager=0.0 sv_compile=0.0 verifier_msg='Source rejected: forbidden source pattern: '#\\s*include\\s*[<"]torch/' matched '#include <torch/'' error='Source rejected: forbidden source pattern: '#\\s*include\\s*[<"]torch/' matched '#include <torch/'']
[SYMPROBE_INLINE i=3 compiles=False has_extern_c=False has_wcc_kernel_decl=False has_global_wcc=False in_namespace=False is_static_or_inline=False code_tail_truncated=True]
{'loss': 0.0, 'grad_norm': 0.0, 'learning_rate': 8.799999999999999e-07, 'num_tokens': 117370.0, 'completions/mean_length': 1898.0, 'completions/min_length': 1448.0, 'completions/max_length': 2048.0, 'completions/clipped_ratio': 0.75, 'completions/mean_terminated_length': 1448.0, 'completions/min_terminated_length': 1448.0, 'completions/max_terminated_length': 1448.0, 'rewards/reward_from_env/mean': -1.0, 'rewards/reward_from_env/std': 0.0, 'reward': -1.0, 'reward_std': 0.0, 'frac_reward_zero_std': 1.0, 'entropy': 0.1999987494200468, 'clip_ratio/low_mean': 0.0, 'clip_ratio/low_min': 0.0, 'clip_ratio/high_mean': 0.0, 'clip_ratio/high_max': 0.0, 'clip_ratio/region_mean': 0.0, 'step_time': 1098.3903557083104, 'epoch': 1.88}
[REWARD_FROM_ENV] computing 4 rewards inline (env_reward len=0); kwargs keys=['compile_flags', 'completion_ids', 'data_source', 'difficulty', 'evaluation_backend', 'expert_code', 'extern_c_signature', 'graph_properties', 'kernel_id', 'ops', 'prompts', 'support_reason', 'supports_evaluation', 'task_code', 'topology', 'trainer_state']
[COMPUTE_REWARD] compiled=False correct=False symbol_loaded=True sv_eager=0.0 sv_compile=0.0 version=v3-symbol-shaped
[COMPUTE_REWARD] compiled=False correct=False symbol_loaded=True sv_eager=0.0 sv_compile=0.0 version=v3-symbol-shaped
[ROLLOUT_INLINE i=0 reward=-1.00 code_len=5169 compiles=False correct=False err='Source rejected: forbidden source pattern: '#\\s*include\\s*[<"]torch/' matched '#include <torch/'']
[VERIFIER_INLINE i=0 compiles=False correct=False sv_eager=0.0 sv_compile=0.0 verifier_msg='Source rejected: forbidden source pattern: '#\\s*include\\s*[<"]torch/' matched '#include <torch/'' error='Source rejected: forbidden source pattern: '#\\s*include\\s*[<"]torch/' matched '#include <torch/'']
[SYMPROBE_INLINE i=0 compiles=False has_extern_c=False has_wcc_kernel_decl=False has_global_wcc=False in_namespace=False is_static_or_inline=False code_tail_truncated=True]
[COMPUTE_REWARD] compiled=False correct=False symbol_loaded=True sv_eager=0.0 sv_compile=0.0 version=v3-symbol-shaped
[COMPUTE_REWARD] compiled=False correct=False symbol_loaded=True sv_eager=0.0 sv_compile=0.0 version=v3-symbol-shaped
[ROLLOUT_INLINE i=1 reward=-1.00 code_len=1150 compiles=False correct=False err='Source rejected: forbidden source pattern: '#\\s*include\\s*[<"]torch/' matched '#include <torch/'']
[VERIFIER_INLINE i=1 compiles=False correct=False sv_eager=0.0 sv_compile=0.0 verifier_msg='Source rejected: forbidden source pattern: '#\\s*include\\s*[<"]torch/' matched '#include <torch/'' error='Source rejected: forbidden source pattern: '#\\s*include\\s*[<"]torch/' matched '#include <torch/'']
[SYMPROBE_INLINE i=1 compiles=False has_extern_c=False has_wcc_kernel_decl=False has_global_wcc=False in_namespace=False is_static_or_inline=False code_tail_truncated=False]
[COMPUTE_REWARD] compiled=False correct=False symbol_loaded=True sv_eager=0.0 sv_compile=0.0 version=v3-symbol-shaped
[COMPUTE_REWARD] compiled=False correct=False symbol_loaded=True sv_eager=0.0 sv_compile=0.0 version=v3-symbol-shaped
[ROLLOUT_INLINE i=2 reward=-1.00 code_len=2666 compiles=False correct=False err='Source rejected: forbidden source pattern: '#\\s*include\\s*[<"]torch/' matched '#include <torch/'']
[VERIFIER_INLINE i=2 compiles=False correct=False sv_eager=0.0 sv_compile=0.0 verifier_msg='Source rejected: forbidden source pattern: '#\\s*include\\s*[<"]torch/' matched '#include <torch/'' error='Source rejected: forbidden source pattern: '#\\s*include\\s*[<"]torch/' matched '#include <torch/'']
[SYMPROBE_INLINE i=2 compiles=False has_extern_c=False has_wcc_kernel_decl=False has_global_wcc=False in_namespace=False is_static_or_inline=False code_tail_truncated=False]
[COMPUTE_REWARD] compiled=False correct=False symbol_loaded=True sv_eager=0.0 sv_compile=0.0 version=v3-symbol-shaped
[COMPUTE_REWARD] compiled=False correct=False symbol_loaded=True sv_eager=0.0 sv_compile=0.0 version=v3-symbol-shaped
[ROLLOUT_INLINE i=3 reward=-1.00 code_len=2604 compiles=False correct=False err='Source rejected: forbidden source pattern: '#\\s*include\\s*[<"]torch/' matched '#include <torch/'']
[VERIFIER_INLINE i=3 compiles=False correct=False sv_eager=0.0 sv_compile=0.0 verifier_msg='Source rejected: forbidden source pattern: '#\\s*include\\s*[<"]torch/' matched '#include <torch/'' error='Source rejected: forbidden source pattern: '#\\s*include\\s*[<"]torch/' matched '#include <torch/'']
[SYMPROBE_INLINE i=3 compiles=False has_extern_c=False has_wcc_kernel_decl=False has_global_wcc=False in_namespace=False is_static_or_inline=False code_tail_truncated=False]
{'loss': 0.0, 'grad_norm': 0.0, 'learning_rate': 8e-07, 'num_tokens': 123961.0, 'completions/mean_length': 1372.25, 'completions/min_length': 794.0, 'completions/max_length': 2048.0, 'completions/clipped_ratio': 0.25, 'completions/mean_terminated_length': 1147.0, 'completions/min_terminated_length': 794.0, 'completions/max_terminated_length': 1346.0, 'rewards/reward_from_env/mean': -1.0, 'rewards/reward_from_env/std': 0.0, 'reward': -1.0, 'reward_std': 0.0, 'frac_reward_zero_std': 1.0, 'entropy': 0.2600753679871559, 'clip_ratio/low_mean': 0.0, 'clip_ratio/low_min': 0.0, 'clip_ratio/high_mean': 0.0, 'clip_ratio/high_max': 0.0, 'clip_ratio/region_mean': 0.0, 'step_time': 1015.5465183071792, 'epoch': 2.0}
[REWARD_FROM_ENV] computing 4 rewards inline (env_reward len=0); kwargs keys=['compile_flags', 'completion_ids', 'data_source', 'difficulty', 'evaluation_backend', 'expert_code', 'extern_c_signature', 'graph_properties', 'kernel_id', 'ops', 'prompts', 'support_reason', 'supports_evaluation', 'task_code', 'topology', 'trainer_state']
[COMPUTE_REWARD] compiled=False correct=False symbol_loaded=True sv_eager=0.0 sv_compile=0.0 version=v3-symbol-shaped
[COMPUTE_REWARD] compiled=False correct=False symbol_loaded=True sv_eager=0.0 sv_compile=0.0 version=v3-symbol-shaped
[ROLLOUT_INLINE i=0 reward=-1.00 code_len=4044 compiles=False correct=False err='Source rejected: forbidden source pattern: '#\\s*include\\s*[<"]torch/' matched '#include <torch/'']
[VERIFIER_INLINE i=0 compiles=False correct=False sv_eager=0.0 sv_compile=0.0 verifier_msg='Source rejected: forbidden source pattern: '#\\s*include\\s*[<"]torch/' matched '#include <torch/'' error='Source rejected: forbidden source pattern: '#\\s*include\\s*[<"]torch/' matched '#include <torch/'']
[SYMPROBE_INLINE i=0 compiles=False has_extern_c=False has_wcc_kernel_decl=False has_global_wcc=False in_namespace=False is_static_or_inline=False code_tail_truncated=False]
[COMPUTE_REWARD] compiled=False correct=False symbol_loaded=True sv_eager=0.0 sv_compile=0.0 version=v3-symbol-shaped
[COMPUTE_REWARD] compiled=False correct=False symbol_loaded=True sv_eager=0.0 sv_compile=0.0 version=v3-symbol-shaped
[ROLLOUT_INLINE i=1 reward=-1.00 code_len=1170 compiles=False correct=False err='Source rejected: forbidden source pattern: '#\\s*include\\s*[<"]torch/' matched '#include <torch/'']
[VERIFIER_INLINE i=1 compiles=False correct=False sv_eager=0.0 sv_compile=0.0 verifier_msg='Source rejected: forbidden source pattern: '#\\s*include\\s*[<"]torch/' matched '#include <torch/'' error='Source rejected: forbidden source pattern: '#\\s*include\\s*[<"]torch/' matched '#include <torch/'']
[SYMPROBE_INLINE i=1 compiles=False has_extern_c=False has_wcc_kernel_decl=False has_global_wcc=False in_namespace=False is_static_or_inline=False code_tail_truncated=True]
[COMPUTE_REWARD] compiled=False correct=False symbol_loaded=True sv_eager=0.0 sv_compile=0.0 version=v3-symbol-shaped
[COMPUTE_REWARD] compiled=False correct=False symbol_loaded=True sv_eager=0.0 sv_compile=0.0 version=v3-symbol-shaped
[ROLLOUT_INLINE i=2 reward=-1.00 code_len=1774 compiles=False correct=False err='Source rejected: forbidden source pattern: '#\\s*include\\s*[<"]torch/' matched '#include <torch/'']
[VERIFIER_INLINE i=2 compiles=False correct=False sv_eager=0.0 sv_compile=0.0 verifier_msg='Source rejected: forbidden source pattern: '#\\s*include\\s*[<"]torch/' matched '#include <torch/'' error='Source rejected: forbidden source pattern: '#\\s*include\\s*[<"]torch/' matched '#include <torch/'']
[SYMPROBE_INLINE i=2 compiles=False has_extern_c=False has_wcc_kernel_decl=False has_global_wcc=False in_namespace=False is_static_or_inline=False code_tail_truncated=False]
[COMPUTE_REWARD] compiled=False correct=False symbol_loaded=True sv_eager=0.0 sv_compile=0.0 version=v3-symbol-shaped
[COMPUTE_REWARD] compiled=False correct=False symbol_loaded=True sv_eager=0.0 sv_compile=0.0 version=v3-symbol-shaped
[ROLLOUT_INLINE i=3 reward=-1.00 code_len=2336 compiles=False correct=False err='Source rejected: forbidden source pattern: '#\\s*include\\s*[<"]torch/' matched '#include <torch/'']
[VERIFIER_INLINE i=3 compiles=False correct=False sv_eager=0.0 sv_compile=0.0 verifier_msg='Source rejected: forbidden source pattern: '#\\s*include\\s*[<"]torch/' matched '#include <torch/'' error='Source rejected: forbidden source pattern: '#\\s*include\\s*[<"]torch/' matched '#include <torch/'']
[SYMPROBE_INLINE i=3 compiles=False has_extern_c=False has_wcc_kernel_decl=False has_global_wcc=False in_namespace=False is_static_or_inline=False code_tail_truncated=False]
{'loss': 0.0, 'grad_norm': 0.0, 'learning_rate': 7.2e-07, 'num_tokens': 130491.0, 'completions/mean_length': 1294.0, 'completions/min_length': 473.0, 'completions/max_length': 2048.0, 'completions/clipped_ratio': 0.5, 'completions/mean_terminated_length': 540.0, 'completions/min_terminated_length': 473.0, 'completions/max_terminated_length': 607.0, 'rewards/reward_from_env/mean': -1.0, 'rewards/reward_from_env/std': 0.0, 'reward': -1.0, 'reward_std': 0.0, 'frac_reward_zero_std': 1.0, 'entropy': 0.14231892675161362, 'clip_ratio/low_mean': 0.0, 'clip_ratio/low_min': 0.0, 'clip_ratio/high_mean': 0.0, 'clip_ratio/high_max': 0.0, 'clip_ratio/region_mean': 0.0, 'step_time': 995.4794016631786, 'epoch': 2.12}
[REWARD_FROM_ENV] computing 4 rewards inline (env_reward len=0); kwargs keys=['compile_flags', 'completion_ids', 'data_source', 'difficulty', 'evaluation_backend', 'expert_code', 'extern_c_signature', 'graph_properties', 'kernel_id', 'ops', 'prompts', 'support_reason', 'supports_evaluation', 'task_code', 'topology', 'trainer_state']
[COMPUTE_REWARD] compiled=False correct=False symbol_loaded=True sv_eager=0.0 sv_compile=0.0 version=v3-symbol-shaped
[COMPUTE_REWARD] compiled=False correct=False symbol_loaded=True sv_eager=0.0 sv_compile=0.0 version=v3-symbol-shaped
[ROLLOUT_INLINE i=0 reward=-1.00 code_len=2892 compiles=False correct=False err='Source rejected: forbidden source pattern: '#\\s*include\\s*[<"]torch/' matched '#include <torch/'']
[VERIFIER_INLINE i=0 compiles=False correct=False sv_eager=0.0 sv_compile=0.0 verifier_msg='Source rejected: forbidden source pattern: '#\\s*include\\s*[<"]torch/' matched '#include <torch/'' error='Source rejected: forbidden source pattern: '#\\s*include\\s*[<"]torch/' matched '#include <torch/'']
[SYMPROBE_INLINE i=0 compiles=False has_extern_c=False has_wcc_kernel_decl=False has_global_wcc=False in_namespace=False is_static_or_inline=False code_tail_truncated=False]
[COMPUTE_REWARD] compiled=False correct=False symbol_loaded=True sv_eager=0.0 sv_compile=0.0 version=v3-symbol-shaped
[COMPUTE_REWARD] compiled=False correct=False symbol_loaded=True sv_eager=0.0 sv_compile=0.0 version=v3-symbol-shaped
[ROLLOUT_INLINE i=1 reward=-1.00 code_len=2023 compiles=False correct=False err='Source rejected: forbidden source pattern: '#\\s*include\\s*[<"]torch/' matched '#include <torch/'']
[VERIFIER_INLINE i=1 compiles=False correct=False sv_eager=0.0 sv_compile=0.0 verifier_msg='Source rejected: forbidden source pattern: '#\\s*include\\s*[<"]torch/' matched '#include <torch/'' error='Source rejected: forbidden source pattern: '#\\s*include\\s*[<"]torch/' matched '#include <torch/'']
[SYMPROBE_INLINE i=1 compiles=False has_extern_c=False has_wcc_kernel_decl=False has_global_wcc=False in_namespace=False is_static_or_inline=False code_tail_truncated=False]
[COMPUTE_REWARD] compiled=False correct=False symbol_loaded=True sv_eager=0.0 sv_compile=0.0 version=v3-symbol-shaped
[COMPUTE_REWARD] compiled=False correct=False symbol_loaded=True sv_eager=0.0 sv_compile=0.0 version=v3-symbol-shaped
[ROLLOUT_INLINE i=2 reward=-1.00 code_len=2579 compiles=False correct=False err='Source rejected: forbidden source pattern: '#\\s*include\\s*[<"]torch/' matched '#include <torch/'']
[VERIFIER_INLINE i=2 compiles=False correct=False sv_eager=0.0 sv_compile=0.0 verifier_msg='Source rejected: forbidden source pattern: '#\\s*include\\s*[<"]torch/' matched '#include <torch/'' error='Source rejected: forbidden source pattern: '#\\s*include\\s*[<"]torch/' matched '#include <torch/'']
[SYMPROBE_INLINE i=2 compiles=False has_extern_c=False has_wcc_kernel_decl=False has_global_wcc=False in_namespace=False is_static_or_inline=False code_tail_truncated=False]
[COMPUTE_REWARD] compiled=False correct=False symbol_loaded=True sv_eager=0.0 sv_compile=0.0 version=v3-symbol-shaped
[COMPUTE_REWARD] compiled=False correct=False symbol_loaded=True sv_eager=0.0 sv_compile=0.0 version=v3-symbol-shaped
[ROLLOUT_INLINE i=3 reward=-1.00 code_len=4949 compiles=False correct=False err='Source rejected: forbidden source pattern: '#\\s*include\\s*[<"]torch/' matched '#include <torch/'']
[VERIFIER_INLINE i=3 compiles=False correct=False sv_eager=0.0 sv_compile=0.0 verifier_msg='Source rejected: forbidden source pattern: '#\\s*include\\s*[<"]torch/' matched '#include <torch/'' error='Source rejected: forbidden source pattern: '#\\s*include\\s*[<"]torch/' matched '#include <torch/'']
[SYMPROBE_INLINE i=3 compiles=False has_extern_c=False has_wcc_kernel_decl=False has_global_wcc=False in_namespace=False is_static_or_inline=False code_tail_truncated=False]
{'loss': 0.0, 'grad_norm': 0.0, 'learning_rate': 6.4e-07, 'num_tokens': 136288.0, 'completions/mean_length': 1193.75, 'completions/min_length': 552.0, 'completions/max_length': 1527.0, 'completions/clipped_ratio': 0.0, 'completions/mean_terminated_length': 1193.75, 'completions/min_terminated_length': 552.0, 'completions/max_terminated_length': 1527.0, 'rewards/reward_from_env/mean': -1.0, 'rewards/reward_from_env/std': 0.0, 'reward': -1.0, 'reward_std': 0.0, 'frac_reward_zero_std': 1.0, 'entropy': 0.1409325748682022, 'clip_ratio/low_mean': 0.0, 'clip_ratio/low_min': 0.0, 'clip_ratio/high_mean': 0.0, 'clip_ratio/high_max': 0.0, 'clip_ratio/region_mean': 0.0, 'step_time': 837.7639232974034, 'epoch': 2.25}
[REWARD_FROM_ENV] computing 4 rewards inline (env_reward len=0); kwargs keys=['compile_flags', 'completion_ids', 'data_source', 'difficulty', 'evaluation_backend', 'expert_code', 'extern_c_signature', 'graph_properties', 'kernel_id', 'ops', 'prompts', 'support_reason', 'supports_evaluation', 'task_code', 'topology', 'trainer_state']
[COMPUTE_REWARD] compiled=False correct=False symbol_loaded=True sv_eager=0.0 sv_compile=0.0 version=v3-symbol-shaped
[COMPUTE_REWARD] compiled=False correct=False symbol_loaded=True sv_eager=0.0 sv_compile=0.0 version=v3-symbol-shaped
[ROLLOUT_INLINE i=0 reward=-1.00 code_len=2256 compiles=False correct=False err='Source rejected: forbidden source pattern: '#\\s*include\\s*[<"]torch/' matched '#include <torch/'']
[VERIFIER_INLINE i=0 compiles=False correct=False sv_eager=0.0 sv_compile=0.0 verifier_msg='Source rejected: forbidden source pattern: '#\\s*include\\s*[<"]torch/' matched '#include <torch/'' error='Source rejected: forbidden source pattern: '#\\s*include\\s*[<"]torch/' matched '#include <torch/'']
[SYMPROBE_INLINE i=0 compiles=False has_extern_c=False has_wcc_kernel_decl=False has_global_wcc=False in_namespace=False is_static_or_inline=False code_tail_truncated=True]
[COMPUTE_REWARD] compiled=False correct=False symbol_loaded=True sv_eager=0.0 sv_compile=0.0 version=v3-symbol-shaped
[COMPUTE_REWARD] compiled=False correct=False symbol_loaded=True sv_eager=0.0 sv_compile=0.0 version=v3-symbol-shaped
[ROLLOUT_INLINE i=1 reward=-1.00 code_len=4856 compiles=False correct=False err='Source rejected: forbidden source pattern: '#\\s*include\\s*[<"]torch/' matched '#include <torch/'']
[VERIFIER_INLINE i=1 compiles=False correct=False sv_eager=0.0 sv_compile=0.0 verifier_msg='Source rejected: forbidden source pattern: '#\\s*include\\s*[<"]torch/' matched '#include <torch/'' error='Source rejected: forbidden source pattern: '#\\s*include\\s*[<"]torch/' matched '#include <torch/'']
[SYMPROBE_INLINE i=1 compiles=False has_extern_c=False has_wcc_kernel_decl=False has_global_wcc=False in_namespace=False is_static_or_inline=False code_tail_truncated=False]
[COMPUTE_REWARD] compiled=False correct=False symbol_loaded=True sv_eager=0.0 sv_compile=0.0 version=v3-symbol-shaped
[COMPUTE_REWARD] compiled=False correct=False symbol_loaded=True sv_eager=0.0 sv_compile=0.0 version=v3-symbol-shaped
[ROLLOUT_INLINE i=2 reward=-1.00 code_len=4145 compiles=False correct=False err='Source rejected: forbidden source pattern: '#\\s*include\\s*[<"]torch/' matched '#include <torch/'']
[VERIFIER_INLINE i=2 compiles=False correct=False sv_eager=0.0 sv_compile=0.0 verifier_msg='Source rejected: forbidden source pattern: '#\\s*include\\s*[<"]torch/' matched '#include <torch/'' error='Source rejected: forbidden source pattern: '#\\s*include\\s*[<"]torch/' matched '#include <torch/'']
[SYMPROBE_INLINE i=2 compiles=False has_extern_c=False has_wcc_kernel_decl=False has_global_wcc=False in_namespace=False is_static_or_inline=False code_tail_truncated=False]
[COMPUTE_REWARD] compiled=False correct=False symbol_loaded=True sv_eager=0.0 sv_compile=0.0 version=v3-symbol-shaped
[COMPUTE_REWARD] compiled=False correct=False symbol_loaded=True sv_eager=0.0 sv_compile=0.0 version=v3-symbol-shaped
[ROLLOUT_INLINE i=3 reward=-1.00 code_len=7085 compiles=False correct=False err='Source rejected: forbidden source pattern: '#\\s*include\\s*[<"]torch/' matched '#include <torch/'']
[VERIFIER_INLINE i=3 compiles=False correct=False sv_eager=0.0 sv_compile=0.0 verifier_msg='Source rejected: forbidden source pattern: '#\\s*include\\s*[<"]torch/' matched '#include <torch/'' error='Source rejected: forbidden source pattern: '#\\s*include\\s*[<"]torch/' matched '#include <torch/'']
[SYMPROBE_INLINE i=3 compiles=False has_extern_c=False has_wcc_kernel_decl=False has_global_wcc=False in_namespace=False is_static_or_inline=False code_tail_truncated=True]
{'loss': 0.0, 'grad_norm': 0.0, 'learning_rate': 5.6e-07, 'num_tokens': 145942.0, 'completions/mean_length': 2048.0, 'completions/min_length': 2048.0, 'completions/max_length': 2048.0, 'completions/clipped_ratio': 1.0, 'completions/mean_terminated_length': 0.0, 'completions/min_terminated_length': 0.0, 'completions/max_terminated_length': 0.0, 'rewards/reward_from_env/mean': -1.0, 'rewards/reward_from_env/std': 0.0, 'reward': -1.0, 'reward_std': 0.0, 'frac_reward_zero_std': 1.0, 'entropy': 0.22993214428424835, 'clip_ratio/low_mean': 0.0, 'clip_ratio/low_min': 0.0, 'clip_ratio/high_mean': 0.0, 'clip_ratio/high_max': 0.0, 'clip_ratio/region_mean': 0.0, 'step_time': 1062.364472194109, 'epoch': 2.38}
[REWARD_FROM_ENV] computing 4 rewards inline (env_reward len=0); kwargs keys=['compile_flags', 'completion_ids', 'data_source', 'difficulty', 'evaluation_backend', 'expert_code', 'extern_c_signature', 'graph_properties', 'kernel_id', 'ops', 'prompts', 'support_reason', 'supports_evaluation', 'task_code', 'topology', 'trainer_state']
[COMPUTE_REWARD] compiled=True correct=False symbol_loaded=False sv_eager=0.0 sv_compile=0.0 version=v3-symbol-shaped
[COMPUTE_REWARD] compiled=True correct=False symbol_loaded=False sv_eager=0.0 sv_compile=0.0 version=v3-symbol-shaped
[ROLLOUT_INLINE i=0 reward=-0.50 code_len=199 compiles=True correct=False err='Kernel FFI verification failed: undefined symbol: run_kernel']
[VERIFIER_INLINE i=0 compiles=True correct=False sv_eager=0.0 sv_compile=0.0 verifier_msg='Kernel FFI verification failed: undefined symbol: run_kernel' error='Kernel FFI verification failed: undefined symbol: run_kernel']
[SYMPROBE_INLINE i=0 compiles=True has_extern_c=False has_wcc_kernel_decl=False has_global_wcc=False in_namespace=False is_static_or_inline=False code_tail_truncated=False]
[COMPUTE_REWARD] compiled=True correct=False symbol_loaded=False sv_eager=0.0 sv_compile=0.0 version=v3-symbol-shaped
[COMPUTE_REWARD] compiled=True correct=False symbol_loaded=False sv_eager=0.0 sv_compile=0.0 version=v3-symbol-shaped
[ROLLOUT_INLINE i=1 reward=-0.50 code_len=296 compiles=True correct=False err='Kernel FFI verification failed: undefined symbol: run_kernel']
[VERIFIER_INLINE i=1 compiles=True correct=False sv_eager=0.0 sv_compile=0.0 verifier_msg='Kernel FFI verification failed: undefined symbol: run_kernel' error='Kernel FFI verification failed: undefined symbol: run_kernel']
[SYMPROBE_INLINE i=1 compiles=True has_extern_c=False has_wcc_kernel_decl=False has_global_wcc=False in_namespace=False is_static_or_inline=False code_tail_truncated=False]
[COMPUTE_REWARD] compiled=False correct=False symbol_loaded=True sv_eager=0.0 sv_compile=0.0 version=v3-symbol-shaped
[COMPUTE_REWARD] compiled=False correct=False symbol_loaded=True sv_eager=0.0 sv_compile=0.0 version=v3-symbol-shaped
[ROLLOUT_INLINE i=2 reward=-1.00 code_len=3656 compiles=False correct=False err='Source rejected: forbidden source pattern: '#\\s*include\\s*[<"]torch/' matched '#include <torch/'']
[VERIFIER_INLINE i=2 compiles=False correct=False sv_eager=0.0 sv_compile=0.0 verifier_msg='Source rejected: forbidden source pattern: '#\\s*include\\s*[<"]torch/' matched '#include <torch/'' error='Source rejected: forbidden source pattern: '#\\s*include\\s*[<"]torch/' matched '#include <torch/'']
[SYMPROBE_INLINE i=2 compiles=False has_extern_c=False has_wcc_kernel_decl=False has_global_wcc=False in_namespace=False is_static_or_inline=False code_tail_truncated=False]
[COMPUTE_REWARD] compiled=False correct=False symbol_loaded=True sv_eager=0.0 sv_compile=0.0 version=v3-symbol-shaped
[COMPUTE_REWARD] compiled=False correct=False symbol_loaded=True sv_eager=0.0 sv_compile=0.0 version=v3-symbol-shaped
[ROLLOUT_INLINE i=3 reward=-1.00 code_len=4439 compiles=False correct=False err='Source rejected: forbidden source pattern: '#\\s*include\\s*[<"]torch/' matched '#include <torch/'']
[VERIFIER_INLINE i=3 compiles=False correct=False sv_eager=0.0 sv_compile=0.0 verifier_msg='Source rejected: forbidden source pattern: '#\\s*include\\s*[<"]torch/' matched '#include <torch/'' error='Source rejected: forbidden source pattern: '#\\s*include\\s*[<"]torch/' matched '#include <torch/'']
[SYMPROBE_INLINE i=3 compiles=False has_extern_c=False has_wcc_kernel_decl=False has_global_wcc=False in_namespace=False is_static_or_inline=False code_tail_truncated=False]
{'loss': 0.0, 'grad_norm': 0.0, 'learning_rate': 4.8e-07, 'num_tokens': 151558.0, 'completions/mean_length': 1219.5, 'completions/min_length': 380.0, 'completions/max_length': 2048.0, 'completions/clipped_ratio': 0.5, 'completions/mean_terminated_length': 391.0, 'completions/min_terminated_length': 380.0, 'completions/max_terminated_length': 402.0, 'rewards/reward_from_env/mean': -0.75, 'rewards/reward_from_env/std': 0.28867512941360474, 'reward': -0.75, 'reward_std': 0.28867512941360474, 'frac_reward_zero_std': 1.0, 'entropy': 0.18314148858189583, 'clip_ratio/low_mean': 0.0, 'clip_ratio/low_min': 0.0, 'clip_ratio/high_mean': 0.0, 'clip_ratio/high_max': 0.0, 'clip_ratio/region_mean': 0.0, 'step_time': 1008.8044589753263, 'epoch': 2.5}
[REWARD_FROM_ENV] computing 4 rewards inline (env_reward len=0); kwargs keys=['compile_flags', 'completion_ids', 'data_source', 'difficulty', 'evaluation_backend', 'expert_code', 'extern_c_signature', 'graph_properties', 'kernel_id', 'ops', 'prompts', 'support_reason', 'supports_evaluation', 'task_code', 'topology', 'trainer_state']
[COMPUTE_REWARD] compiled=False correct=False symbol_loaded=True sv_eager=0.0 sv_compile=0.0 version=v3-symbol-shaped
[COMPUTE_REWARD] compiled=False correct=False symbol_loaded=True sv_eager=0.0 sv_compile=0.0 version=v3-symbol-shaped
[ROLLOUT_INLINE i=0 reward=-1.00 code_len=4649 compiles=False correct=False err='Source rejected: forbidden source pattern: '#\\s*include\\s*[<"]torch/' matched '#include <torch/'']
[VERIFIER_INLINE i=0 compiles=False correct=False sv_eager=0.0 sv_compile=0.0 verifier_msg='Source rejected: forbidden source pattern: '#\\s*include\\s*[<"]torch/' matched '#include <torch/'' error='Source rejected: forbidden source pattern: '#\\s*include\\s*[<"]torch/' matched '#include <torch/'']
[SYMPROBE_INLINE i=0 compiles=False has_extern_c=False has_wcc_kernel_decl=False has_global_wcc=False in_namespace=False is_static_or_inline=False code_tail_truncated=False]
[COMPUTE_REWARD] compiled=False correct=False symbol_loaded=True sv_eager=0.0 sv_compile=0.0 version=v3-symbol-shaped
[ROLLOUT_INLINE i=1 reward=-1.00 code_len=280 compiles=False correct=False err='/tmp/tmpvaw1hx3s.cu(2): error: this declaration has no storage class or type specifier   sum_kernel<<<...>>>(x.data_ptr<float>(), sum_output_ptr, total_elements);   ^  /tmp/tmpvaw1hx3s.cu(2): error: e']
[VERIFIER_INLINE i=1 compiles=False correct=False sv_eager=0.0 sv_compile=0.0 verifier_msg='' error='/tmp/tmpvaw1hx3s.cu(2): error: this declaration has no storage class or type specifier   sum_kernel<<<...>>>(x.data_ptr<float>(), sum_output_ptr, total_elements);   ^  /tmp/tmpvaw1hx3s.cu(2): error: e']
[SYMPROBE_INLINE i=1 compiles=False has_extern_c=False has_wcc_kernel_decl=False has_global_wcc=False in_namespace=False is_static_or_inline=False code_tail_truncated=True]
[COMPUTE_REWARD] compiled=False correct=False symbol_loaded=True sv_eager=0.0 sv_compile=0.0 version=v3-symbol-shaped
[COMPUTE_REWARD] compiled=False correct=False symbol_loaded=True sv_eager=0.0 sv_compile=0.0 version=v3-symbol-shaped
[ROLLOUT_INLINE i=2 reward=-1.00 code_len=5743 compiles=False correct=False err='Source rejected: forbidden source pattern: '#\\s*include\\s*[<"]torch/' matched '#include <torch/'']
[VERIFIER_INLINE i=2 compiles=False correct=False sv_eager=0.0 sv_compile=0.0 verifier_msg='Source rejected: forbidden source pattern: '#\\s*include\\s*[<"]torch/' matched '#include <torch/'' error='Source rejected: forbidden source pattern: '#\\s*include\\s*[<"]torch/' matched '#include <torch/'']
[SYMPROBE_INLINE i=2 compiles=False has_extern_c=False has_wcc_kernel_decl=False has_global_wcc=False in_namespace=False is_static_or_inline=False code_tail_truncated=False]
[COMPUTE_REWARD] compiled=False correct=False symbol_loaded=True sv_eager=0.0 sv_compile=0.0 version=v3-symbol-shaped
[COMPUTE_REWARD] compiled=False correct=False symbol_loaded=True sv_eager=0.0 sv_compile=0.0 version=v3-symbol-shaped
[ROLLOUT_INLINE i=3 reward=-1.00 code_len=2667 compiles=False correct=False err='Source rejected: forbidden source pattern: '#\\s*include\\s*[<"]torch/' matched '#include <torch/'']
[VERIFIER_INLINE i=3 compiles=False correct=False sv_eager=0.0 sv_compile=0.0 verifier_msg='Source rejected: forbidden source pattern: '#\\s*include\\s*[<"]torch/' matched '#include <torch/'' error='Source rejected: forbidden source pattern: '#\\s*include\\s*[<"]torch/' matched '#include <torch/'']
[SYMPROBE_INLINE i=3 compiles=False has_extern_c=False has_wcc_kernel_decl=False has_global_wcc=False in_namespace=False is_static_or_inline=False code_tail_truncated=False]
{'loss': 0.0, 'grad_norm': 0.0, 'learning_rate': 4e-07, 'num_tokens': 159166.0, 'completions/mean_length': 1626.5, 'completions/min_length': 777.0, 'completions/max_length': 2048.0, 'completions/clipped_ratio': 0.5, 'completions/mean_terminated_length': 1205.0, 'completions/min_terminated_length': 777.0, 'completions/max_terminated_length': 1633.0, 'rewards/reward_from_env/mean': -1.0, 'rewards/reward_from_env/std': 0.0, 'reward': -1.0, 'reward_std': 0.0, 'frac_reward_zero_std': 1.0, 'entropy': 0.12775351479649544, 'clip_ratio/low_mean': 0.0, 'clip_ratio/low_min': 0.0, 'clip_ratio/high_mean': 0.0, 'clip_ratio/high_max': 0.0, 'clip_ratio/region_mean': 0.0, 'step_time': 1111.5706800841726, 'epoch': 2.62}
[REWARD_FROM_ENV] computing 4 rewards inline (env_reward len=0); kwargs keys=['compile_flags', 'completion_ids', 'data_source', 'difficulty', 'evaluation_backend', 'expert_code', 'extern_c_signature', 'graph_properties', 'kernel_id', 'ops', 'prompts', 'support_reason', 'supports_evaluation', 'task_code', 'topology', 'trainer_state']
[COMPUTE_REWARD] compiled=False correct=False symbol_loaded=True sv_eager=0.0 sv_compile=0.0 version=v3-symbol-shaped
[COMPUTE_REWARD] compiled=False correct=False symbol_loaded=True sv_eager=0.0 sv_compile=0.0 version=v3-symbol-shaped
[ROLLOUT_INLINE i=0 reward=-1.00 code_len=1371 compiles=False correct=False err='Source rejected: forbidden source pattern: '#\\s*include\\s*[<"]torch/' matched '#include <torch/'']
[VERIFIER_INLINE i=0 compiles=False correct=False sv_eager=0.0 sv_compile=0.0 verifier_msg='Source rejected: forbidden source pattern: '#\\s*include\\s*[<"]torch/' matched '#include <torch/'' error='Source rejected: forbidden source pattern: '#\\s*include\\s*[<"]torch/' matched '#include <torch/'']
[SYMPROBE_INLINE i=0 compiles=False has_extern_c=False has_wcc_kernel_decl=False has_global_wcc=False in_namespace=False is_static_or_inline=False code_tail_truncated=False]
[COMPUTE_REWARD] compiled=False correct=False symbol_loaded=True sv_eager=0.0 sv_compile=0.0 version=v3-symbol-shaped
[COMPUTE_REWARD] compiled=False correct=False symbol_loaded=True sv_eager=0.0 sv_compile=0.0 version=v3-symbol-shaped
[ROLLOUT_INLINE i=1 reward=-1.00 code_len=4057 compiles=False correct=False err='Source rejected: forbidden source pattern: '#\\s*include\\s*[<"]torch/' matched '#include <torch/'']
[VERIFIER_INLINE i=1 compiles=False correct=False sv_eager=0.0 sv_compile=0.0 verifier_msg='Source rejected: forbidden source pattern: '#\\s*include\\s*[<"]torch/' matched '#include <torch/'' error='Source rejected: forbidden source pattern: '#\\s*include\\s*[<"]torch/' matched '#include <torch/'']
[SYMPROBE_INLINE i=1 compiles=False has_extern_c=False has_wcc_kernel_decl=False has_global_wcc=False in_namespace=False is_static_or_inline=False code_tail_truncated=False]
[COMPUTE_REWARD] compiled=False correct=False symbol_loaded=True sv_eager=0.0 sv_compile=0.0 version=v3-symbol-shaped
[COMPUTE_REWARD] compiled=False correct=False symbol_loaded=True sv_eager=0.0 sv_compile=0.0 version=v3-symbol-shaped
[ROLLOUT_INLINE i=2 reward=-1.00 code_len=1938 compiles=False correct=False err='Source rejected: forbidden source pattern: '#\\s*include\\s*[<"]torch/' matched '#include <torch/'']
[VERIFIER_INLINE i=2 compiles=False correct=False sv_eager=0.0 sv_compile=0.0 verifier_msg='Source rejected: forbidden source pattern: '#\\s*include\\s*[<"]torch/' matched '#include <torch/'' error='Source rejected: forbidden source pattern: '#\\s*include\\s*[<"]torch/' matched '#include <torch/'']
[SYMPROBE_INLINE i=2 compiles=False has_extern_c=False has_wcc_kernel_decl=False has_global_wcc=False in_namespace=False is_static_or_inline=False code_tail_truncated=False]
[COMPUTE_REWARD] compiled=False correct=False symbol_loaded=True sv_eager=0.0 sv_compile=0.0 version=v3-symbol-shaped
[COMPUTE_REWARD] compiled=False correct=False symbol_loaded=True sv_eager=0.0 sv_compile=0.0 version=v3-symbol-shaped
[ROLLOUT_INLINE i=3 reward=-1.00 code_len=7075 compiles=False correct=False err='Source rejected: forbidden source pattern: '#\\s*include\\s*[<"]torch/' matched '#include <torch/'']
[VERIFIER_INLINE i=3 compiles=False correct=False sv_eager=0.0 sv_compile=0.0 verifier_msg='Source rejected: forbidden source pattern: '#\\s*include\\s*[<"]torch/' matched '#include <torch/'' error='Source rejected: forbidden source pattern: '#\\s*include\\s*[<"]torch/' matched '#include <torch/'']
[SYMPROBE_INLINE i=3 compiles=False has_extern_c=False has_wcc_kernel_decl=False has_global_wcc=False in_namespace=False is_static_or_inline=False code_tail_truncated=False]
{'loss': 0.0, 'grad_norm': 0.0, 'learning_rate': 3.2e-07, 'num_tokens': 164699.0, 'completions/mean_length': 1091.75, 'completions/min_length': 540.0, 'completions/max_length': 1769.0, 'completions/clipped_ratio': 0.0, 'completions/mean_terminated_length': 1091.75, 'completions/min_terminated_length': 540.0, 'completions/max_terminated_length': 1769.0, 'rewards/reward_from_env/mean': -1.0, 'rewards/reward_from_env/std': 0.0, 'reward': -1.0, 'reward_std': 0.0, 'frac_reward_zero_std': 1.0, 'entropy': 0.19926151633262634, 'clip_ratio/low_mean': 0.0, 'clip_ratio/low_min': 0.0, 'clip_ratio/high_mean': 0.0, 'clip_ratio/high_max': 0.0, 'clip_ratio/region_mean': 0.0, 'step_time': 913.8903724320699, 'epoch': 2.75}
[REWARD_FROM_ENV] computing 4 rewards inline (env_reward len=0); kwargs keys=['compile_flags', 'completion_ids', 'data_source', 'difficulty', 'evaluation_backend', 'expert_code', 'extern_c_signature', 'graph_properties', 'kernel_id', 'ops', 'prompts', 'support_reason', 'supports_evaluation', 'task_code', 'topology', 'trainer_state']
[COMPUTE_REWARD] compiled=False correct=False symbol_loaded=True sv_eager=0.0 sv_compile=0.0 version=v3-symbol-shaped
[COMPUTE_REWARD] compiled=False correct=False symbol_loaded=True sv_eager=0.0 sv_compile=0.0 version=v3-symbol-shaped
[ROLLOUT_INLINE i=0 reward=-1.00 code_len=1925 compiles=False correct=False err='Source rejected: forbidden source pattern: '#\\s*include\\s*[<"]torch/' matched '#include <torch/'']
[VERIFIER_INLINE i=0 compiles=False correct=False sv_eager=0.0 sv_compile=0.0 verifier_msg='Source rejected: forbidden source pattern: '#\\s*include\\s*[<"]torch/' matched '#include <torch/'' error='Source rejected: forbidden source pattern: '#\\s*include\\s*[<"]torch/' matched '#include <torch/'']
[SYMPROBE_INLINE i=0 compiles=False has_extern_c=False has_wcc_kernel_decl=False has_global_wcc=False in_namespace=False is_static_or_inline=False code_tail_truncated=False]
[COMPUTE_REWARD] compiled=False correct=False symbol_loaded=True sv_eager=0.0 sv_compile=0.0 version=v3-symbol-shaped
[COMPUTE_REWARD] compiled=False correct=False symbol_loaded=True sv_eager=0.0 sv_compile=0.0 version=v3-symbol-shaped
[ROLLOUT_INLINE i=1 reward=-1.00 code_len=5012 compiles=False correct=False err='Source rejected: forbidden source pattern: '#\\s*include\\s*[<"]torch/' matched '#include <torch/'']
[VERIFIER_INLINE i=1 compiles=False correct=False sv_eager=0.0 sv_compile=0.0 verifier_msg='Source rejected: forbidden source pattern: '#\\s*include\\s*[<"]torch/' matched '#include <torch/'' error='Source rejected: forbidden source pattern: '#\\s*include\\s*[<"]torch/' matched '#include <torch/'']
[SYMPROBE_INLINE i=1 compiles=False has_extern_c=False has_wcc_kernel_decl=False has_global_wcc=False in_namespace=False is_static_or_inline=False code_tail_truncated=False]
[COMPUTE_REWARD] compiled=False correct=False symbol_loaded=True sv_eager=0.0 sv_compile=0.0 version=v3-symbol-shaped
[COMPUTE_REWARD] compiled=False correct=False symbol_loaded=True sv_eager=0.0 sv_compile=0.0 version=v3-symbol-shaped
[ROLLOUT_INLINE i=2 reward=-1.00 code_len=6454 compiles=False correct=False err='Source rejected: forbidden source pattern: '#\\s*include\\s*[<"]torch/' matched '#include <torch/'']
[VERIFIER_INLINE i=2 compiles=False correct=False sv_eager=0.0 sv_compile=0.0 verifier_msg='Source rejected: forbidden source pattern: '#\\s*include\\s*[<"]torch/' matched '#include <torch/'' error='Source rejected: forbidden source pattern: '#\\s*include\\s*[<"]torch/' matched '#include <torch/'']
[SYMPROBE_INLINE i=2 compiles=False has_extern_c=False has_wcc_kernel_decl=False has_global_wcc=False in_namespace=False is_static_or_inline=False code_tail_truncated=True]
[COMPUTE_REWARD] compiled=False correct=False symbol_loaded=True sv_eager=0.0 sv_compile=0.0 version=v3-symbol-shaped
[COMPUTE_REWARD] compiled=False correct=False symbol_loaded=True sv_eager=0.0 sv_compile=0.0 version=v3-symbol-shaped
[ROLLOUT_INLINE i=3 reward=-1.00 code_len=878 compiles=False correct=False err='Source rejected: forbidden source pattern: '#\\s*include\\s*[<"]torch/' matched '#include <torch/'']
[VERIFIER_INLINE i=3 compiles=False correct=False sv_eager=0.0 sv_compile=0.0 verifier_msg='Source rejected: forbidden source pattern: '#\\s*include\\s*[<"]torch/' matched '#include <torch/'' error='Source rejected: forbidden source pattern: '#\\s*include\\s*[<"]torch/' matched '#include <torch/'']
[SYMPROBE_INLINE i=3 compiles=False has_extern_c=False has_wcc_kernel_decl=False has_global_wcc=False in_namespace=False is_static_or_inline=False code_tail_truncated=False]
{'loss': 0.0, 'grad_norm': 0.0, 'learning_rate': 2.4e-07, 'num_tokens': 171453.0, 'completions/mean_length': 1415.0, 'completions/min_length': 265.0, 'completions/max_length': 2048.0, 'completions/clipped_ratio': 0.5, 'completions/mean_terminated_length': 782.0, 'completions/min_terminated_length': 265.0, 'completions/max_terminated_length': 1299.0, 'rewards/reward_from_env/mean': -1.0, 'rewards/reward_from_env/std': 0.0, 'reward': -1.0, 'reward_std': 0.0, 'frac_reward_zero_std': 1.0, 'entropy': 0.20970996469259262, 'clip_ratio/low_mean': 0.0, 'clip_ratio/low_min': 0.0, 'clip_ratio/high_mean': 0.0, 'clip_ratio/high_max': 0.0, 'clip_ratio/region_mean': 0.0, 'step_time': 1162.99235885893, 'epoch': 2.88}
[REWARD_FROM_ENV] computing 4 rewards inline (env_reward len=0); kwargs keys=['compile_flags', 'completion_ids', 'data_source', 'difficulty', 'evaluation_backend', 'expert_code', 'extern_c_signature', 'graph_properties', 'kernel_id', 'ops', 'prompts', 'support_reason', 'supports_evaluation', 'task_code', 'topology', 'trainer_state']
[COMPUTE_REWARD] compiled=False correct=False symbol_loaded=True sv_eager=0.0 sv_compile=0.0 version=v3-symbol-shaped
[COMPUTE_REWARD] compiled=False correct=False symbol_loaded=True sv_eager=0.0 sv_compile=0.0 version=v3-symbol-shaped
[ROLLOUT_INLINE i=0 reward=-1.00 code_len=4037 compiles=False correct=False err='Source rejected: forbidden source pattern: '#\\s*include\\s*[<"]torch/' matched '#include <torch/'']
[VERIFIER_INLINE i=0 compiles=False correct=False sv_eager=0.0 sv_compile=0.0 verifier_msg='Source rejected: forbidden source pattern: '#\\s*include\\s*[<"]torch/' matched '#include <torch/'' error='Source rejected: forbidden source pattern: '#\\s*include\\s*[<"]torch/' matched '#include <torch/'']
[SYMPROBE_INLINE i=0 compiles=False has_extern_c=False has_wcc_kernel_decl=False has_global_wcc=False in_namespace=False is_static_or_inline=False code_tail_truncated=False]
[COMPUTE_REWARD] compiled=False correct=False symbol_loaded=True sv_eager=0.0 sv_compile=0.0 version=v3-symbol-shaped
[COMPUTE_REWARD] compiled=False correct=False symbol_loaded=True sv_eager=0.0 sv_compile=0.0 version=v3-symbol-shaped
[ROLLOUT_INLINE i=1 reward=-1.00 code_len=3430 compiles=False correct=False err='Source rejected: forbidden source pattern: '#\\s*include\\s*[<"]torch/' matched '#include <torch/'']
[VERIFIER_INLINE i=1 compiles=False correct=False sv_eager=0.0 sv_compile=0.0 verifier_msg='Source rejected: forbidden source pattern: '#\\s*include\\s*[<"]torch/' matched '#include <torch/'' error='Source rejected: forbidden source pattern: '#\\s*include\\s*[<"]torch/' matched '#include <torch/'']
[SYMPROBE_INLINE i=1 compiles=False has_extern_c=False has_wcc_kernel_decl=False has_global_wcc=False in_namespace=False is_static_or_inline=False code_tail_truncated=True]
[COMPUTE_REWARD] compiled=False correct=False symbol_loaded=True sv_eager=0.0 sv_compile=0.0 version=v3-symbol-shaped
[COMPUTE_REWARD] compiled=False correct=False symbol_loaded=True sv_eager=0.0 sv_compile=0.0 version=v3-symbol-shaped
[ROLLOUT_INLINE i=2 reward=-1.00 code_len=3132 compiles=False correct=False err='Source rejected: forbidden source pattern: '#\\s*include\\s*[<"]torch/' matched '#include <torch/'']
[VERIFIER_INLINE i=2 compiles=False correct=False sv_eager=0.0 sv_compile=0.0 verifier_msg='Source rejected: forbidden source pattern: '#\\s*include\\s*[<"]torch/' matched '#include <torch/'' error='Source rejected: forbidden source pattern: '#\\s*include\\s*[<"]torch/' matched '#include <torch/'']
[SYMPROBE_INLINE i=2 compiles=False has_extern_c=False has_wcc_kernel_decl=False has_global_wcc=False in_namespace=False is_static_or_inline=False code_tail_truncated=False]
[COMPUTE_REWARD] compiled=False correct=False symbol_loaded=True sv_eager=0.0 sv_compile=0.0 version=v3-symbol-shaped
[COMPUTE_REWARD] compiled=False correct=False symbol_loaded=True sv_eager=0.0 sv_compile=0.0 version=v3-symbol-shaped
[ROLLOUT_INLINE i=3 reward=-1.00 code_len=2803 compiles=False correct=False err='Source rejected: forbidden source pattern: '#\\s*include\\s*[<"]torch/' matched '#include <torch/'']
[VERIFIER_INLINE i=3 compiles=False correct=False sv_eager=0.0 sv_compile=0.0 verifier_msg='Source rejected: forbidden source pattern: '#\\s*include\\s*[<"]torch/' matched '#include <torch/'' error='Source rejected: forbidden source pattern: '#\\s*include\\s*[<"]torch/' matched '#include <torch/'']
[SYMPROBE_INLINE i=3 compiles=False has_extern_c=False has_wcc_kernel_decl=False has_global_wcc=False in_namespace=False is_static_or_inline=False code_tail_truncated=False]
{'loss': 0.0, 'grad_norm': 0.0, 'learning_rate': 1.6e-07, 'num_tokens': 178676.0, 'completions/mean_length': 1431.75, 'completions/min_length': 726.0, 'completions/max_length': 2048.0, 'completions/clipped_ratio': 0.5, 'completions/mean_terminated_length': 815.5, 'completions/min_terminated_length': 726.0, 'completions/max_terminated_length': 905.0, 'rewards/reward_from_env/mean': -1.0, 'rewards/reward_from_env/std': 0.0, 'reward': -1.0, 'reward_std': 0.0, 'frac_reward_zero_std': 1.0, 'entropy': 0.14099432341754436, 'clip_ratio/low_mean': 0.0, 'clip_ratio/low_min': 0.0, 'clip_ratio/high_mean': 0.0, 'clip_ratio/high_max': 0.0, 'clip_ratio/region_mean': 0.0, 'step_time': 1055.9484040336683, 'epoch': 3.0}
[REWARD_FROM_ENV] computing 4 rewards inline (env_reward len=0); kwargs keys=['compile_flags', 'completion_ids', 'data_source', 'difficulty', 'evaluation_backend', 'expert_code', 'extern_c_signature', 'graph_properties', 'kernel_id', 'ops', 'prompts', 'support_reason', 'supports_evaluation', 'task_code', 'topology', 'trainer_state']
[COMPUTE_REWARD] compiled=False correct=False symbol_loaded=True sv_eager=0.0 sv_compile=0.0 version=v3-symbol-shaped
[COMPUTE_REWARD] compiled=False correct=False symbol_loaded=True sv_eager=0.0 sv_compile=0.0 version=v3-symbol-shaped
[ROLLOUT_INLINE i=0 reward=-1.00 code_len=1664 compiles=False correct=False err='Source rejected: forbidden source pattern: '#\\s*include\\s*[<"]torch/' matched '#include <torch/'']
[VERIFIER_INLINE i=0 compiles=False correct=False sv_eager=0.0 sv_compile=0.0 verifier_msg='Source rejected: forbidden source pattern: '#\\s*include\\s*[<"]torch/' matched '#include <torch/'' error='Source rejected: forbidden source pattern: '#\\s*include\\s*[<"]torch/' matched '#include <torch/'']
[SYMPROBE_INLINE i=0 compiles=False has_extern_c=False has_wcc_kernel_decl=False has_global_wcc=False in_namespace=False is_static_or_inline=False code_tail_truncated=False]
[COMPUTE_REWARD] compiled=False correct=False symbol_loaded=True sv_eager=0.0 sv_compile=0.0 version=v3-symbol-shaped
[COMPUTE_REWARD] compiled=False correct=False symbol_loaded=True sv_eager=0.0 sv_compile=0.0 version=v3-symbol-shaped
[ROLLOUT_INLINE i=1 reward=-1.00 code_len=1680 compiles=False correct=False err='Source rejected: forbidden source pattern: '#\\s*include\\s*[<"]torch/' matched '#include <torch/'']
[VERIFIER_INLINE i=1 compiles=False correct=False sv_eager=0.0 sv_compile=0.0 verifier_msg='Source rejected: forbidden source pattern: '#\\s*include\\s*[<"]torch/' matched '#include <torch/'' error='Source rejected: forbidden source pattern: '#\\s*include\\s*[<"]torch/' matched '#include <torch/'']
[SYMPROBE_INLINE i=1 compiles=False has_extern_c=False has_wcc_kernel_decl=False has_global_wcc=False in_namespace=False is_static_or_inline=False code_tail_truncated=False]
[COMPUTE_REWARD] compiled=False correct=False symbol_loaded=True sv_eager=0.0 sv_compile=0.0 version=v3-symbol-shaped
[COMPUTE_REWARD] compiled=False correct=False symbol_loaded=True sv_eager=0.0 sv_compile=0.0 version=v3-symbol-shaped
[ROLLOUT_INLINE i=2 reward=-1.00 code_len=2806 compiles=False correct=False err='Source rejected: forbidden source pattern: '#\\s*include\\s*[<"]torch/' matched '#include <torch/'']
[VERIFIER_INLINE i=2 compiles=False correct=False sv_eager=0.0 sv_compile=0.0 verifier_msg='Source rejected: forbidden source pattern: '#\\s*include\\s*[<"]torch/' matched '#include <torch/'' error='Source rejected: forbidden source pattern: '#\\s*include\\s*[<"]torch/' matched '#include <torch/'']
[SYMPROBE_INLINE i=2 compiles=False has_extern_c=False has_wcc_kernel_decl=False has_global_wcc=False in_namespace=False is_static_or_inline=False code_tail_truncated=False]
[COMPUTE_REWARD] compiled=False correct=False symbol_loaded=True sv_eager=0.0 sv_compile=0.0 version=v3-symbol-shaped
[COMPUTE_REWARD] compiled=False correct=False symbol_loaded=True sv_eager=0.0 sv_compile=0.0 version=v3-symbol-shaped
[ROLLOUT_INLINE i=3 reward=-1.00 code_len=7899 compiles=False correct=False err='Source rejected: forbidden source pattern: '#\\s*include\\s*[<"]torch/' matched '#include <torch/'']
[VERIFIER_INLINE i=3 compiles=False correct=False sv_eager=0.0 sv_compile=0.0 verifier_msg='Source rejected: forbidden source pattern: '#\\s*include\\s*[<"]torch/' matched '#include <torch/'' error='Source rejected: forbidden source pattern: '#\\s*include\\s*[<"]torch/' matched '#include <torch/'']
[SYMPROBE_INLINE i=3 compiles=False has_extern_c=False has_wcc_kernel_decl=False has_global_wcc=False in_namespace=False is_static_or_inline=False code_tail_truncated=True]
[1;34mwandb[0m: 
[1;34mwandb[0m: 🚀 View run [33mexp018c-7366090[0m at: [34mhttps://wandb.ai/xxiellan-northeastern-university/kernelforge/runs/4ocfqywn[0m
[1;34mwandb[0m: Find logs at: [1;35m../../../scratch/xie.yiyi/kernelforge/logs/wandb/wandb/run-20260601_184342-4ocfqywn/logs[0m
{'loss': 0.0, 'grad_norm': 0.0, 'learning_rate': 8e-08, 'num_tokens': 185190.0, 'completions/mean_length': 1375.0, 'completions/min_length': 666.0, 'completions/max_length': 2048.0, 'completions/clipped_ratio': 0.25, 'completions/mean_terminated_length': 1150.666748046875, 'completions/min_terminated_length': 666.0, 'completions/max_terminated_length': 2018.0, 'rewards/reward_from_env/mean': -1.0, 'rewards/reward_from_env/std': 0.0, 'reward': -1.0, 'reward_std': 0.0, 'frac_reward_zero_std': 1.0, 'entropy': 0.2503804378211498, 'clip_ratio/low_mean': 0.0, 'clip_ratio/low_min': 0.0, 'clip_ratio/high_mean': 0.0, 'clip_ratio/high_max': 0.0, 'clip_ratio/region_mean': 0.0, 'step_time': 1074.9971676380374, 'epoch': 3.12}
{'train_runtime': 26827.0142, 'train_samples_per_second': 0.004, 'train_steps_per_second': 0.001, 'train_loss': 0.0009649917483329773, 'epoch': 3.12}
Stage 1 complete. Checkpoint saved to /scratch/xie.yiyi/kernelforge/checkpoints/stage1_exp018c
